House_Size,Num_Bedrooms,Num_Bathrooms,Year_Built,Garage_Capacity,Has_Pool,Has_Garden,Price
1649.0142459033698,4,3,2002,0,0,0,973984.0783963403
1458.5207096486447,1,3,2019,2,1,0,943342.1433659209
1694.3065614302077,3,1,2007,1,0,0,894915.47294772
1956.9089569224075,5,3,1996,1,0,0,1152022.38502879
1429.7539875829991,3,3,2003,0,0,0,875196.4138066107
1429.758912915246,3,2,1984,0,0,0,823872.4143683317
1973.7638446522174,1,1,2001,3,0,0,1152909.0143565272
1730.2304187458726,1,1,1990,2,0,0,987038.1670235283
1359.1576842195143,1,1,2015,2,0,1,726634.321351276
1662.7680130757894,2,3,1974,0,0,1,995587.4416516438
1360.9746921562614,4,1,1975,3,0,0,818256.9093687407
1360.281073928923,2,3,2007,3,0,0,771307.6212467568
1572.5886814698101,4,3,1991,1,0,0,946284.4417494261
926.0159266026607,4,2,1987,1,1,0,712196.0213964194
982.5246502460901,3,2,1983,3,0,0,688534.577112281
1331.3137412277083,3,2,1979,1,0,0,808527.9902889914
1196.150663899673,4,2,2015,0,1,0,785134.6416899561
1594.2741997785822,4,2,1982,3,0,1,1011568.0354100825
1227.5927773436367,2,3,2000,1,0,0,673301.7373905539
1076.3088895994126,2,3,1999,2,0,0,659897.5638402909
1939.6946306764662,3,1,1972,3,0,1,1142189.3355391598
1432.2671098540393,1,3,1999,3,0,0,873218.0717733178
1520.2584614063771,4,3,1975,2,0,0,924805.7056730838
1072.575544135963,2,2,1998,0,0,0,585654.5432849429
1336.6851826424452,3,3,1977,2,0,0,837065.2434818823
1533.2767769129598,2,2,2013,3,1,1,894367.1632567522
1154.7019267733092,4,1,2014,0,0,0,665175.5024074728
1612.7094055037016,4,1,2012,1,1,0,948310.7241072945
1319.8083930243586,5,3,2013,1,0,0,805751.9883259565
1412.491875062017,1,1,2002,1,1,0,850405.0746736494
1319.488016331181,5,3,1986,3,0,1,962458.7634658115
2055.6834553526814,3,1,2017,2,0,1,1191987.2648242516
1495.9508325786198,2,2,1980,0,0,0,772415.5580315668
1182.68672131323,3,2,1982,1,0,0,700244.6775415232
1746.7634736309567,4,2,2019,0,0,0,978449.1308638685
1133.7469050086934,5,2,1980,3,1,1,727559.789536843
1562.6590785014266,5,3,2000,1,1,0,945534.9533932493
912.0989628360674,5,1,1997,3,0,0,617477.9829564061
1101.5441853304708,3,3,2013,2,0,0,663323.3886087823
1559.058370760737,4,2,1975,3,0,0,967961.6942458145
1721.539973998623,2,3,2010,3,0,0,919728.5689354638
1551.4104843569912,2,1,1985,2,0,0,865691.1246426539
1465.305515283528,3,3,1973,0,0,0,895248.245178093
1409.6688913232133,5,1,2004,2,1,0,889344.5192328502
1056.4434028897717,1,3,2017,2,0,0,641566.3803272799
1284.0467374815873,3,1,1995,3,0,1,814452.0868406703
1361.8083687120638,3,1,1981,0,0,0,777548.8359183237
1817.1366678656748,4,2,1980,1,0,0,1077574.2780865936
1603.0854868705385,2,1,2006,2,0,0,853543.0887005174
971.0879533911798,3,2,1994,0,0,0,591032.5607442255
1597.2251908184385,3,2,1987,2,1,0,921831.721811734
1384.475315875105,5,2,1988,2,0,1,950508.8795513655
1296.9233999082123,5,3,1992,2,0,0,830786.9849275695
1683.5028866522603,1,3,2007,2,1,1,1045948.6156375334
1809.2998567487853,4,3,1987,3,0,0,1111224.731808815
1779.3840357348595,1,3,1995,0,0,0,938408.9047846182
1248.2347430332084,5,1,1975,0,0,0,799672.7014666802
1407.2362872446356,2,1,1973,0,0,0,849104.05687671
1599.3790294210692,5,3,2013,2,0,1,990810.4751304089
1792.6635381367078,4,1,2020,3,0,1,1048033.2366854158
1356.247728646413,5,1,1998,2,0,1,830550.9989054526
1444.3023070008549,4,2,2003,2,0,1,893356.3148242948
1168.0995077981916,4,2,1986,0,1,1,792944.6633392029
1141.1380127757989,4,2,2012,2,0,0,682628.2156819738
1743.7577467182593,4,2,2012,1,0,0,948914.076525147
1906.8720085712469,4,1,2022,2,0,0,1133834.529264783
1478.3969635258998,2,3,1985,1,0,0,902404.507062187
1801.0598693676072,1,1,1971,2,0,1,1000147.0294152343
1608.4908075142903,3,1,2003,3,1,0,970228.2666150479
1306.4640736184626,1,1,1977,3,1,0,720303.1034255818
1608.4186816525241,4,2,1982,0,0,0,856355.7921307442
1961.410969939791,2,2,2011,2,0,0,1136912.1393437854
1489.2521882670146,5,2,1977,1,0,0,942103.6511465844
1969.3930967442018,2,3,1999,1,0,0,1101311.4248978703
714.0764687730767,4,1,2001,2,0,0,505671.094627186
1746.5707513125672,2,3,2005,1,1,0,1177591.9586022687
1526.1141204714513,2,2,2016,3,0,0,913511.824547992
1410.2977948602397,4,3,1999,1,0,0,811876.8841113795
1527.5282329606507,2,1,1970,0,0,0,787745.2968843092
903.7293256197322,3,1,2012,3,1,0,650591.450977837
1434.0984336487463,3,2,2008,3,0,0,894854.0095358734
1607.1337714535239,2,2,1986,3,1,0,999319.9241042839
1943.3682134224548,5,3,1989,2,0,0,1130040.1551662579
1344.5189345179058,4,2,1993,2,0,0,850423.7367531516
1257.4519191320437,3,2,2019,3,0,0,716558.7011288486
1349.472886924639,5,1,1991,2,0,0,874875.5377633675
1774.6206353106222,2,2,1998,1,0,0,1041443.1630189281
1598.6253328979053,5,2,1991,2,0,1,974139.0285074759
1341.0719388698883,1,1,2013,2,0,0,792126.4774957153
1653.9802299340067,3,1,1978,3,0,1,1002732.7349451388
1529.1232648044122,2,3,2006,0,0,0,891155.2930243054
1790.5934971598667,4,2,1979,0,0,0,983815.0803953931
1289.3840718367942,2,1,2005,0,0,0,729302.7612161421
1401.7013560206694,4,3,2006,1,0,0,819071.4586396014
1382.3675540603526,2,3,1997,2,0,0,845915.4497308851
1060.9455155603644,5,2,1997,0,0,0,759830.8912627453
1588.836083119373,5,2,2011,3,0,0,980894.0520255041
1578.3165816539668,5,3,2012,0,0,0,900115.5455053243
1501.5340369927383,1,1,1990,0,0,0,850090.3230852485
1429.623859987456,4,3,1993,2,0,0,909901.3672831138
1075.3887773848758,5,2,2011,2,0,0,802624.4760124533
1373.8064031703923,1,1,2009,2,0,0,768601.5996302434
1397.185645041969,4,1,1971,1,0,1,846319.0729597812
1259.3168192335143,2,3,1977,1,0,1,829190.4708990761
1451.6142865001973,1,2,2017,0,0,1,795423.239634819
1621.2152570443616,3,3,1996,2,0,0,966620.1780077695
2065.855770363159,1,3,1991,0,0,1,1103504.083662802
1552.3733438495517,1,3,2006,3,0,1,902064.9312846052
1577.2651172168294,4,1,1996,3,0,0,942172.7934829366
1477.6662252701499,2,1,1998,2,0,0,832415.678848231
924.3686354102875,3,2,1972,2,0,1,613639.9495836026
1492.045837365235,5,2,2013,3,1,0,960434.3751998822
1518.069062982308,5,3,1982,2,0,0,918860.9106490623
2238.972633745586,1,3,2014,1,0,0,1145536.5868465933
1442.2917105656632,4,3,1979,1,0,0,935622.6638191537
1590.4642027000837,4,2,2005,2,0,1,994119.610254406
1489.586469088427,5,1,1978,3,0,0,869413.0105101959
1149.3965887141403,3,1,1996,0,0,0,585220.542035447
1842.8468443545062,2,3,2003,2,0,0,995986.3199074246
1725.5799098060322,3,3,2020,2,0,0,984375.0051793562
1737.309584112914,2,3,1970,0,1,0,1094372.2707947323
1227.1837635615784,5,3,2001,2,0,0,792954.6533901632
1920.8382932808297,2,2,1994,0,0,1,1040951.0942040132
1079.4446811623156,4,1,1998,3,0,0,697151.6520353109
1676.0571281400812,1,3,1976,1,0,0,954327.7583075615
2157.1366877429937,1,2,2018,3,0,0,1094517.978498847
1202.8391024607936,5,3,1972,1,0,0,738666.4069844612
1330.1106811191685,4,3,1989,0,1,1,806645.4654538195
1529.8954095262923,3,1,1989,1,0,1,1027940.281508543
1348.9573037651403,4,3,2022,3,0,1,893477.7238962508
1034.8009706801602,1,1,1999,1,1,0,586714.682413312
1520.5688924418082,1,1,2004,0,0,0,869697.7873623507
1181.3088858821684,4,1,2004,1,1,0,716251.6285580109
1642.0777291905545,4,2,2018,2,0,0,1009797.8844439638
1224.172729729859,1,2,2008,3,0,1,731101.6877184021
1964.9803215052618,3,1,1996,2,0,1,1091547.598262766
1265.0240122991288,5,3,1995,0,0,1,859503.023441013
1403.3815451382973,5,1,1983,1,0,1,893566.7512053329
1744.055165210901,4,3,1986,2,0,1,1093940.9712144167
1130.7407050698134,5,1,1987,2,1,0,777145.7036941121
1568.237980381239,1,3,2014,1,0,0,878369.7288341658
1892.1428262847285,1,2,2021,1,0,0,1048099.1075467014
1017.7550296316317,4,3,1998,3,0,0,818067.8572566992
1555.3901575596913,4,1,1989,2,0,0,989134.6738073236
1577.964838274527,4,2,2022,2,0,0,930964.6771514157
1734.5468615331931,3,3,1996,0,0,1,1003743.0850216179
1128.9147867365755,5,3,1987,3,0,0,765420.6474681881
1103.863016074717,4,3,1973,0,0,1,684125.043306836
1656.5824696850693,2,3,1970,2,0,1,1039518.4119701955
1589.095401969956,2,3,2019,0,1,0,862801.5664020609
1575.147855103763,1,2,1970,2,0,0,891951.2119494184
1603.9344628490926,5,2,1995,2,0,0,1013484.6665696463
1295.9925835264528,4,2,2014,0,0,1,775130.0265734001
1569.676109148301,2,2,1989,0,0,1,884223.6550476878
1587.9217419896045,5,1,2021,1,0,1,881086.83668952
1285.6945745920896,1,2,1992,1,0,0,794113.6239112853
2059.732353343427,3,3,1979,1,0,0,1147205.0833990697
1642.1498762735362,5,3,1980,2,0,0,999781.1467893706
1142.6089508392054,5,2,2010,0,0,1,644718.0044279096
1696.966082590149,3,3,2010,3,1,0,1025489.9889046795
1207.5954989318036,5,2,1974,2,0,0,786133.0051478238
1736.1253811227357,1,3,1970,3,0,0,1025155.5864097886
1847.5786737022213,1,1,1986,0,0,0,937057.753003232
1253.7953044944868,3,1,1991,2,0,0,790606.6919240003
1789.0128387732966,4,2,2003,3,0,0,962545.8917443425
1623.8342780809494,2,2,2014,3,0,0,916308.2640413544
1746.618047998347,4,2,2010,1,0,0,1012083.4381561527
2069.0378947961844,5,3,1998,1,0,1,1237407.6477333964
1426.383565199139,2,2,1973,1,0,1,871079.5261575829
1273.8791506927532,3,1,1974,2,0,0,820373.15955942
1233.145671112343,3,3,1980,0,0,1,850807.7708048241
1255.2569145103685,2,2,2020,0,0,0,692848.0608395372
1476.8694871757687,1,3,1990,1,0,0,798042.6118309037
1602.3455924449931,2,3,2004,1,0,1,963208.6603371344
1583.0072397990057,5,2,1981,1,0,1,979491.6506622933
1748.1549747108072,1,3,1995,3,0,1,1080308.4729365127
1503.900567563372,3,1,2020,1,0,0,809851.9530630797
1936.060223147195,2,1,1988,3,0,0,1045129.5671419584
1420.6029500286131,4,3,2014,0,0,1,871491.1625619405
2316.0507499768855,4,2,1976,2,0,0,1248004.485426593
1687.700204329502,5,3,2016,2,0,0,992478.6664768369
1242.8527330751153,4,1,1976,2,0,1,786934.3377071403
1178.7322505816664,2,3,1995,2,0,1,753389.7413294673
1644.7417245729555,2,3,2009,3,0,1,921557.2574729677
1432.9611644022448,4,1,1974,3,0,0,846505.5585877248
1714.2001482276276,2,3,1990,1,0,1,1062945.7586486337
1641.9712873720634,5,3,1983,3,1,0,1065312.5709567491
1478.1513262029382,1,2,1973,1,0,0,892307.522296617
1245.9618845794785,5,2,1992,1,0,0,766891.5722205661
1045.5458325942407,5,1,2011,2,1,0,697050.3681760766
1366.0455143798936,2,1,1989,3,1,0,842749.4785414075
1756.9196382970417,1,1,1984,3,0,0,1069837.564529684
1564.2281232390612,2,2,2019,1,0,0,855233.1526109566
1126.2783663864036,3,1,2021,1,0,0,641825.7385071829
1551.9542777553545,2,1,2014,0,0,0,894884.7902645142
1615.595213918651,2,1,1998,0,0,0,868807.0350350711
1234.84276913966,2,2,1977,1,0,0,757652.8441534677
1546.1175317836585,1,3,2010,0,0,1,921606.7262127808
1517.4626155337999,2,1,2017,0,1,1,840939.2141819529
1157.108910650813,1,3,1988,1,0,0,705577.5776495893
1607.336208104485,4,1,2017,1,0,1,1021945.6395594932
1668.2353579104704,3,3,2008,3,0,0,1030183.5813971428
1824.915372952583,1,2,2015,1,0,0,994704.339960532
1816.1406156104708,4,2,1997,1,0,1,1062854.2422136038
1086.6991896128727,1,1,2015,2,0,0,576133.6807426944
1218.6524880254633,1,3,1996,3,0,1,701916.9478509412
1654.510580162598,3,2,1973,3,0,0,1072736.4880795828
1654.1357852736626,5,1,1984,3,0,1,1096841.4449053314
1654.5143058918143,5,1,2004,2,1,0,978401.4290688782
2655.819447196416,1,2,2006,1,0,0,1421794.073502115
1671.26715320795,2,2,1970,3,0,0,994199.9015292906
1840.6696920541797,4,1,1972,3,0,1,1175555.6190932933
1786.2005290479606,2,3,2016,0,0,0,1004240.3244390478
1695.4173753917394,2,3,1993,3,0,1,1011567.7496593524
1405.4192266078962,1,3,1996,1,0,0,777625.333189164
1727.6907661479802,1,1,2009,1,1,0,969888.7753302815
1268.1524356387285,1,2,2005,0,1,0,714667.0892712333
1428.9544179779973,1,1,2003,3,0,0,810511.4562454907
1354.390935651269,5,2,1998,3,0,1,878396.9138527188
1524.5622418158969,1,3,1993,3,0,0,868656.5269144411
2194.397570002053,5,3,1993,2,0,0,1243561.7463194355
939.8204422224755,5,2,2011,3,0,0,667619.9837486028
1705.878057112354,1,2,1973,1,0,0,965067.5456251287
1016.1852386431045,3,1,1972,1,1,1,783463.6620948737
1358.42044026317,4,3,2003,2,0,0,792592.9782127044
1826.6851790902099,2,1,2018,2,1,0,1054607.4991567545
1519.284005728639,5,1,1992,3,0,1,951509.6794629875
1176.6765666212082,4,1,2022,0,0,1,809326.203226932
1285.4088872220095,3,3,2021,2,0,0,797153.0394640781
1703.8793246804028,2,1,1992,2,0,0,974174.0914219556
1280.890010484859,2,1,2014,3,0,0,730439.8834937385
1564.9375768745924,5,1,1974,3,1,0,971312.7357040152
1513.671551971144,1,1,2000,2,0,1,870405.4156176186
1304.519895718255,3,1,2022,0,1,0,689144.8174022894
2143.183226797598,5,1,2010,2,1,0,1182777.4089695504
1690.1757066954033,3,3,1975,3,0,0,1078709.7751891764
892.4572240027179,1,1,2006,3,1,0,470122.40504915576
1555.9362944308282,1,2,1979,2,1,0,905989.4693008722
1301.4640605694835,5,1,2009,0,0,0,727275.7057217938
1755.7300004388671,1,1,1976,2,0,0,959741.4655999504
1262.2437784701897,4,3,2008,2,1,0,830349.1543520621
1465.5790675599303,2,3,2007,3,0,0,913017.2983281738
1651.496183694137,5,2,1990,0,0,0,1049629.7713337045
1759.7265582510365,3,2,1989,1,1,0,997915.6181675772
1139.9110778832671,4,3,1972,0,0,0,722657.4421102953
1399.6496292477154,5,3,2020,2,0,0,1070452.3207344555
1357.5164066517132,1,1,1991,2,0,0,753257.4690290885
1304.0012302278865,1,3,2016,2,0,0,699890.075314148
2029.636272084329,1,2,1973,0,0,0,1079028.0979050926
1621.4945132882867,1,1,1997,3,1,1,939540.2608286769
1121.7348136994865,3,2,1981,2,0,1,713230.5387103203
1775.358584116433,4,1,2007,2,0,1,1026960.7858984729
2136.64685910379,2,3,2020,0,0,0,1155252.1018655668
1809.739578165344,3,2,2005,1,0,1,1041449.3959680138
1044.1890102137959,3,1,2016,1,0,0,566320.1802433383
1354.7297781401246,2,1,2010,3,1,0,823831.4401278689
1880.073344755987,2,3,1974,3,1,0,1140089.0198720274
1287.6991603143658,1,3,1982,2,0,1,814678.6636846792
1633.1458284438686,3,3,1992,0,0,0,866850.2115356764
1732.390216028801,5,2,2019,2,1,0,1058037.3201989746
1221.920858526575,2,1,1999,3,1,1,670680.6134681867
1482.14239318146,2,3,2006,0,0,1,854292.651866901
527.6197979792782,4,2,1994,0,0,0,435706.7136272929
1192.683707599713,5,2,2017,3,0,0,814630.8113799747
1424.2295545820518,5,2,1996,1,1,0,925837.7804958762
1125.6650454105452,2,3,2020,1,0,1,714602.059469922
1989.7233911794906,1,3,1983,0,0,0,1084911.4474856225
1070.9575866118103,4,1,2017,2,0,0,631020.4048096569
1367.9866539909049,5,1,2016,1,1,1,1000631.2351216387
1539.2221731858274,2,3,2005,2,0,0,933969.1021861742
1932.3819867198347,5,2,2008,1,0,0,1062541.8007866477
1069.2413546461682,4,2,1985,1,0,0,605887.4812464346
1848.9491256464878,4,2,1991,2,0,0,1063221.090370065
1503.0699183058762,3,1,1990,3,0,0,949128.3844683714
1205.5474046856148,2,2,1990,1,1,0,748210.6600442458
1638.631042278981,4,1,1977,1,1,0,889114.5300214263
1559.717908672041,3,1,2018,2,1,0,900994.2831765251
1319.9349368523617,3,2,1985,3,1,0,847847.3909137533
1520.9406254970056,5,2,2000,1,0,1,822686.9437752288
1384.405920941472,5,3,2011,1,1,1,910411.2680732455
1534.0552035753744,3,3,1979,3,0,0,895359.2014081209
1698.639202356314,5,2,2001,1,0,0,919542.2806387412
1975.8050448436056,4,1,2003,3,1,0,1243127.901430073
1128.6553503519453,1,1,1978,3,0,1,641447.5651367262
2139.91001239688,4,1,1986,2,0,0,1188590.769425626
914.3736601432495,3,1,1980,0,0,1,561157.6857682908
1454.464471489325,3,1,2001,3,0,0,854344.1732908776
1676.495161945373,4,3,1979,2,0,1,1135563.1113254803
1584.2975603205098,5,2,1991,0,1,1,944339.4366484584
1313.1901440538218,5,3,1986,1,1,1,883254.8963044811
1437.5633248928175,3,1,1973,0,0,0,849824.7563977287
1352.0997196023502,2,1,2017,3,0,0,723610.2724431998
1323.1905729167365,5,1,2021,3,0,0,792450.966229438
1754.8806291063074,4,1,2016,3,1,0,1069165.3048906315
1607.1046457895143,5,2,1994,3,0,0,954767.0735594325
1292.1271214218036,4,1,1990,3,0,0,787131.4352743928
1769.8799626299751,3,2,2006,2,0,0,990372.2849690232
1592.1898562629829,5,1,2007,3,0,0,951904.5940747745
1743.858635651688,4,2,2018,2,0,0,1019086.9035570062
1688.8886525770836,3,3,1970,1,1,0,1071772.3646938857
1251.3014967233782,2,1,1994,3,0,1,856528.463459806
1331.945687940909,4,2,2020,3,0,0,676049.022377744
1724.1880815369786,2,3,2005,0,0,0,956724.4738082173
1683.1110796300395,2,1,1986,1,0,0,875333.7362029101
1493.7295218107556,1,1,2010,3,0,1,825596.2608728326
1535.1982149926346,5,1,1993,3,0,0,986642.4740310211
1883.2994687365274,4,2,1971,1,0,0,1173539.3604753828
1322.528583349251,2,2,2009,2,0,0,827500.0205155459
1664.1292143510113,1,3,1984,3,1,0,1057829.2329180269
1439.3422042698319,3,2,2001,0,0,0,822974.3485538944
1434.695639031834,4,2,2008,3,1,1,992274.3332512751
1829.633055596157,2,1,1975,0,0,1,1117659.0175283705
1747.624904696409,5,1,1970,0,0,0,1048752.47507528
1744.0528908001916,1,1,2016,3,0,0,1002888.275478474
1891.6436421462986,2,1,1992,3,0,0,1063883.6719989784
1506.3011524898277,5,1,2008,0,0,0,953662.2020224578
1704.5858913884892,2,1,1986,1,0,0,946209.7838260666
1406.9199730219632,4,1,2003,1,0,0,797983.9624263224
1597.2499057465327,4,3,2010,3,0,1,930625.3813596854
1460.9570836896946,4,3,1998,2,0,1,911797.0901829647
1529.0987894978155,1,3,1978,1,0,0,888768.8044653229
1678.5471076310741,4,3,1982,3,0,0,987980.9207467394
1254.5337950299581,5,1,1975,1,0,0,787761.4745651962
2127.716182705638,2,3,1975,2,0,0,1190530.6258817806
1198.1947855500894,3,1,1989,3,0,0,684248.6154585192
1135.7434161636804,5,3,2021,2,0,0,786665.9411595194
1847.4332620500204,5,2,2022,3,0,1,1165311.8111802994
1737.4988081888807,4,3,1972,2,1,1,1166321.038009056
1687.2359451156465,1,3,1986,1,1,0,981410.1830267484
1688.503652779284,2,1,2018,1,0,0,913132.6861200484
1496.3259681459256,1,3,1981,2,0,0,822004.3162859953
1230.8236885542506,2,2,2017,2,0,0,732143.4890391922
1522.7413674581178,2,1,2016,2,0,0,851852.26903834
1296.8514865463665,1,1,2014,3,1,0,894623.1130994672
1792.5359200253254,5,3,1970,1,0,0,1158623.0781134497
1455.8827855493585,2,1,1986,3,0,0,865703.6391032219
1252.3508409622466,1,1,1972,1,0,1,740094.9549314571
1403.584247504102,2,1,1995,0,0,0,834857.4506059124
1623.8794362826873,3,1,1984,3,0,0,910152.7846223175
1330.8826341588076,5,1,2005,1,0,0,865423.2076801053
1253.3338813300707,4,1,2001,1,1,0,729309.7656531703
1573.1061634475736,2,2,2001,3,0,0,880476.8888630501
1573.4899713326167,3,3,1973,3,0,1,899836.0106960854
1347.917047388661,4,2,1987,1,1,1,910662.3348467852
1358.6885083145032,4,1,2018,3,0,0,821840.705470411
1569.6149812072908,2,1,1988,2,1,0,896733.3393653443
1065.5746975508027,1,3,2012,3,1,0,622330.4092266104
1077.7608676870334,2,2,2021,3,0,0,709816.5451785201
1284.4667336242692,3,3,2004,3,0,1,809553.1699319761
1435.9658544864458,4,2,2009,1,0,0,813618.158517194
1593.2722696794015,2,1,1983,2,1,0,1037732.783020602
1942.6068650848656,1,3,2002,0,0,0,1024450.2865853471
1757.2978869606059,2,3,1983,0,0,0,1060579.7970529923
1452.0184410109719,5,1,2003,2,1,1,873459.6923049572
1494.2951376291933,1,3,1973,2,1,0,894400.2573042479
1199.2411906086572,3,2,1993,2,1,1,814735.156573448
1494.446059202283,4,2,1998,1,0,0,889331.1821209403
1413.4024083239585,2,2,1988,0,1,1,873889.355237632
1596.8155681014268,1,2,1975,2,0,0,889466.0417495131
1251.8307169343032,5,1,2002,1,1,0,722025.5508721718
1655.8039542723518,1,3,2018,0,0,1,991180.7963544114
1959.8216739007732,5,2,2009,3,0,0,1130019.418081683
1467.3719554629427,3,1,1988,1,0,0,868136.6005080882
1620.5135166296825,4,3,2022,0,0,0,971354.6328964574
1707.0431975133338,3,3,1970,1,0,1,1056959.5089722364
1379.633858434249,2,1,1974,0,0,0,758387.3658702138
1567.227744543125,1,1,1996,0,0,1,923602.120369151
1503.7777202345385,5,2,1985,3,0,0,975572.8188685126
1529.3028295646495,5,3,1975,1,1,0,1007590.0972995863
1268.09706484336,1,3,2009,2,0,1,761827.7726009744
1507.3530522776828,1,1,1982,3,0,0,943789.6433516942
1649.3994873736349,2,3,2017,3,0,1,929196.63272416
1935.3430823385124,3,2,2004,0,0,1,1117434.3325876435
1787.781247825562,5,3,1988,2,0,0,1067459.1493327722
2145.954737253467,2,1,1981,1,0,0,1083162.0783097334
1269.7957311335852,3,1,1985,2,0,0,669761.1393236485
1761.6961910162036,2,2,2012,2,1,1,981116.276759266
1555.0026017215055,5,2,1979,2,1,1,988579.1425601379
2156.9408799653015,1,3,1994,2,0,0,1301117.927450694
1257.5105143934545,1,3,1989,2,1,0,812674.6789120317
1248.0834473457671,3,1,2000,0,0,0,761458.8747158546
1320.1822063667933,4,2,1973,0,0,1,808237.1778708788
862.8312827070579,3,2,2013,3,0,0,564481.9998295014
1342.2734934957716,4,2,1992,0,0,0,927444.3959851966
1272.2602015338907,2,3,1971,3,0,0,742409.2170780671
1545.1181359428622,2,2,1991,3,0,1,947371.0078397968
1602.5267927331479,5,1,2020,1,0,0,1009828.1847120872
2062.851251764766,4,1,2006,2,0,0,1211722.780155995
1785.127151455815,5,3,1977,0,0,0,1173640.556424169
1326.928903301279,1,3,1976,1,0,0,796107.714476996
1230.4755985954926,4,2,1983,0,0,1,815410.4505571012
1647.5757514519516,3,3,1972,3,0,1,1035276.5950654945
1103.9300378938074,1,1,2019,0,0,0,617632.2969038826
2049.4376297563063,1,2,1985,2,0,0,1086958.494262982
1853.832036216386,3,1,1988,3,1,0,1136533.438555377
1359.2473043685886,1,2,2020,3,0,0,777336.0678226472
986.0596412727367,4,3,1987,1,0,1,687162.7889490958
1906.1617122496239,5,2,2021,2,0,0,1192400.4380156044
1465.6380464242147,1,2,1985,3,0,0,837549.7532568687
1871.3448935920385,4,1,1977,2,0,0,1157063.5485270408
1021.6717023616899,2,1,2002,0,0,0,652199.7810358327
1320.1874931138682,4,2,2018,2,0,0,837870.9657862072
1501.573109915455,5,3,1981,3,0,0,919531.5714208985
1514.0941781294225,4,3,2022,1,0,0,911001.003931869
1364.980358556227,3,1,1980,3,0,1,948413.8943346885
1686.8549797042497,5,3,1974,2,0,0,966499.8131177897
1179.7138711852217,2,1,1996,2,0,0,682474.0108778008
1457.286154493612,3,3,1981,3,0,1,983758.503230216
1536.0886895135698,4,2,1986,2,0,0,929278.314767403
1654.3316502176247,5,1,1975,0,0,1,1050660.2159575059
1713.484463426667,2,1,2002,3,0,0,1033201.7831432896
1162.6073724486391,3,2,1974,1,0,0,741904.0003817596
1039.7657487793133,2,1,1997,3,0,0,656332.4004324336
1883.3030465695526,4,3,1983,0,1,0,1141245.0699637865
1599.6942035938775,2,3,1974,0,0,0,948737.3958954547
1275.454039033034,1,1,2002,0,1,1,848857.1412613305
1965.345592656757,3,3,2019,0,0,0,1088475.371694346
1534.7023902878575,2,1,2017,0,0,0,810693.4932466497
1853.789155219148,4,2,2010,1,0,0,1111982.2890605622
1520.2555444230327,4,1,1988,2,0,0,867981.6555994267
2118.2243774645963,2,2,1991,0,0,0,1130376.115869036
2026.6022527329615,4,3,1974,0,0,0,1156883.8616688496
1425.310755456278,5,2,1971,3,0,1,931861.651605237
1791.4712852863067,5,3,1999,1,0,1,1084125.6693996503
1693.6127848755443,5,1,2016,1,0,0,1013761.3719210475
1910.5894672597046,1,3,2008,2,1,0,1068176.6518669184
1210.5229618259687,2,1,1973,1,0,1,777234.6543747437
1705.8154379995317,1,1,2002,3,0,1,1002116.754241855
1817.5273460548763,4,2,1982,3,0,0,1057088.1130607862
972.3781540730657,1,2,1989,2,0,1,652324.3779714553
1145.0224462002675,4,2,1976,3,0,0,806182.1472480481
888.2303466719699,4,2,1984,0,1,1,555068.351504442
1419.1779496666327,3,3,1992,0,0,0,860263.0224770146
1715.2626767387887,5,3,1983,3,0,0,1047310.9329543487
1950.7071156288084,4,3,1992,2,0,1,1236506.8068310264
1522.2284341259326,3,1,1988,1,1,0,885283.9077992882
1988.5846636713875,5,3,1998,2,0,0,1117318.1740701601
1085.9695625355325,4,3,1989,1,0,0,710493.9404343249
988.9852681934535,4,3,1998,3,1,1,679644.0188917709
1483.3356903310143,1,2,1993,3,0,1,914147.1083924016
1615.2196346817923,1,3,1987,0,1,1,918179.1923968068
1490.191575571772,5,1,1979,1,0,0,913220.4653264722
879.767369988037,4,2,2010,2,0,1,680174.2063522267
1473.2639881461635,2,1,1977,3,0,0,922558.4251837886
1108.659149848544,1,3,1995,2,0,0,691221.5350887195
1700.9017646490115,5,2,1998,0,1,1,1049071.996696892
1609.9794738290545,4,1,1979,1,0,0,973134.5597250817
1218.0360641017935,4,3,1986,1,0,0,815467.2296871495
1345.839924798992,2,1,1971,3,0,0,760589.8442387215
1182.2359434333146,5,1,1975,1,0,0,806684.8339128493
1481.1962708180483,4,1,1974,3,0,1,879513.4327811701
1786.5426961503715,1,3,1997,0,0,0,1012893.9448257996
1204.2821860993367,2,3,2010,1,0,1,674796.5728221863
1651.2139546553533,5,1,1974,3,0,0,1117746.7894962074
1340.9227144882677,2,2,1987,2,0,0,834628.4384909858
1262.1381503212967,1,2,1995,3,0,0,661267.8112213506
1467.8908920136328,5,3,1989,1,0,1,942899.1146953087
1189.4273032741878,2,3,2010,0,1,0,696642.5494328621
1333.9052083958454,3,3,2018,1,1,1,804966.2577088545
1140.6366322233455,1,3,1996,1,0,0,679673.4924350937
2089.4175398749167,1,3,2018,3,0,0,1098309.0824540334
1510.5790655915187,1,2,1981,2,0,0,905362.8210449812
1290.0823476022242,3,3,1976,1,0,1,862273.8781510792
1564.1939732202666,3,1,1972,2,0,1,965668.2253572326
1466.301585092751,4,1,1979,3,0,0,901175.5661193323
1433.709120140033,2,2,2003,2,0,0,859845.4743672656
1684.2500100130276,4,1,1994,3,1,0,1065694.280310413
1727.2523130141915,2,2,2004,0,0,1,995372.0433441799
1340.8496557168419,3,2,1985,2,0,0,752831.126699409
1327.254527806596,3,1,1971,2,0,1,791207.9582098476
1417.4844908545067,4,3,1993,0,0,1,870339.1993526476
809.4236505793245,5,1,1979,2,1,0,539922.2803971773
1045.4426813404343,4,1,2007,0,0,1,664921.4973367937
1910.0622802333573,2,2,1991,1,0,0,1137581.4004828595
1993.4903140503852,4,1,1995,3,0,0,1212329.6753631723
1425.2891881330866,1,2,2012,0,0,0,810625.901266787
1672.9670889167298,2,3,2008,2,0,0,992869.1411519427
1593.3750463630608,2,3,1996,0,1,1,1069452.2997296995
2423.6642425365712,5,3,1998,2,1,0,1474025.3128772038
1835.872473430373,3,1,2016,1,0,0,1056218.0210546039
1461.62472255577,2,2,2007,0,0,0,744866.6265610772
1213.3378678198724,3,3,1989,1,1,0,852309.8736277496
1018.0661039227282,4,2,1996,3,0,0,695957.9194766423
1561.039090760167,1,2,2010,2,0,0,859530.3281084496
1273.094776414709,5,3,1989,2,0,0,819165.4820039425
1073.3238871206977,3,3,2013,1,0,1,654232.1717268865
1306.028134727242,2,2,1988,3,0,1,870852.9112816659
1175.5355989156815,3,3,1989,0,0,0,725349.852994972
2006.1424905217696,2,2,2004,0,0,1,1086487.3173173724
1764.4919270848352,3,2,2016,2,0,0,960668.6233059119
1497.6082076050147,2,3,1971,1,0,0,904334.0435256503
1943.9832416670079,4,1,1999,1,1,0,1113011.1356226148
1523.2104922942856,2,3,2022,0,1,0,848217.4685221601
1241.6147396015208,2,1,2003,3,1,0,686699.571336987
1956.9372231808973,1,2,1991,3,0,1,1158436.4795656737
1661.6730131053976,2,2,1972,0,0,0,944935.3427802104
1188.826153702063,1,1,1975,0,0,1,643151.1439998305
1442.8983965749176,5,2,1984,1,0,0,886887.3912208145
1237.3145239845728,1,1,1996,3,0,1,758113.8647905673
1085.1600807106993,4,1,1979,0,0,0,683022.0839355153
1777.8532642594923,1,2,1978,0,0,0,993476.3195182766
2072.8249921410393,5,1,2002,2,1,0,1224539.908970035
1080.4297278542576,4,3,2001,0,0,0,623372.0751050748
1668.8907710071712,3,3,2017,0,0,0,992870.8126667622
1304.807229263452,3,2,1975,3,0,1,754991.3066126293
1353.862384870591,1,2,2010,1,1,0,803008.0211658677
1322.2818227283392,1,1,2005,3,0,1,794919.4574389418
1240.8027690960553,5,1,1971,1,1,0,816409.1993590685
1514.5564883834481,5,1,1998,2,1,1,984949.370382002
1250.7149650766887,2,1,1973,0,0,0,716500.7090763333
1581.1370477339517,5,3,1970,2,0,0,1026843.2840215316
1484.928567165259,2,3,1988,1,0,1,942110.4107585747
1428.315585940077,4,2,1995,3,0,0,842551.4716507717
1227.7309013875206,1,1,1994,3,0,0,741563.6936413754
1326.9686008295002,4,1,1979,2,0,0,907104.2005341557
1726.6173677477268,5,2,2022,1,1,0,1047536.9470005814
1650.2751562873143,4,1,1984,2,1,0,983982.3669225866
1206.7334265604347,4,1,1991,2,0,1,883528.3552344942
1529.7996916287677,4,1,2020,0,0,0,867335.1577666217
1725.4161370115366,5,1,2017,2,0,0,1015284.5636959121
999.1784156635885,4,1,1990,0,0,0,640207.9183084745
1663.0080577139806,2,2,1991,0,0,0,955897.1952369544
1301.212872316246,5,1,2005,3,0,0,796662.6888856736
1671.179600577948,4,2,2003,0,0,1,995089.3433241826
1271.022253037245,5,1,1999,0,0,0,822120.313690461
958.5353698006443,3,3,1994,3,1,1,674597.6338385843
1011.7372686350511,2,3,2014,2,0,0,598868.9354611908
1514.4254839984146,4,3,1997,1,0,0,903608.5182257748
1577.9167505164446,3,3,1970,1,0,0,902069.7343590131
1228.7050124686775,3,2,2018,1,0,0,685210.5331417604
1691.577737633212,5,2,2014,2,0,0,968609.8726346012
1001.543981319312,3,1,1973,0,0,0,625745.8644762546
1480.176060405805,2,3,1976,1,0,1,943895.3129881909
1136.695140071263,2,2,2018,2,0,0,736033.2748796052
1304.4491676593523,1,1,1978,0,0,1,755084.0146892694
1514.2196013949242,2,1,2005,3,0,0,882933.2882688974
1241.8759904148142,3,2,1988,1,0,1,788107.6855027918
1384.6333367310524,2,3,1970,0,1,1,775644.7206051933
1801.8878427643322,5,1,1979,1,0,0,1012549.3757891522
1326.9324391430555,1,3,2005,1,1,1,844529.4341297648
1750.7076336195425,3,3,1978,1,0,0,1078278.0754057502
1161.0879436027146,1,3,2014,0,1,1,746324.3730573559
1658.941253374585,3,1,2015,2,0,0,923580.027464123
1932.47058619737,5,3,2011,0,0,0,1023493.5700686361
758.5066499618132,1,1,2001,1,0,1,414827.075696948
1260.931423358857,4,3,2001,0,0,0,733690.3193970703
1673.121638154162,3,1,1975,3,0,0,1020999.2480316166
1439.086384187102,4,3,2017,2,0,1,872674.6372727213
1611.3437620113928,1,2,2007,0,0,0,956191.9064122173
1318.8044439852538,4,3,1986,3,0,0,924784.1388856648
1525.97693624187,4,3,1979,2,0,0,1035673.390431978
1453.2968293823762,1,1,2019,3,0,0,749822.7650090271
1850.3346184979423,5,1,1996,2,0,1,1131711.8698560498
1576.3262529903639,4,3,2019,0,0,0,893286.9220482884
1601.2807986225607,4,2,2004,3,0,0,976033.9902229449
1376.4369101632599,5,2,2021,1,1,0,819937.7679444319
1353.7181327782519,4,1,1990,3,0,1,916166.8847666987
1370.2325436541137,4,2,1994,2,0,0,804769.6943168626
1618.335642713489,4,3,1997,0,1,0,892805.8701231896
1373.704655753921,2,1,2016,2,0,1,890541.3686641186
1586.932457068924,5,3,1984,3,0,0,1029591.0625128584
2122.6202395936316,4,1,1973,3,0,0,1182853.7815759094
1761.3374110295076,5,1,1998,1,0,0,1022555.1497612969
1402.1929403496476,3,1,1978,0,0,0,792253.6154389796
1860.3641766491835,3,1,1996,0,0,0,1032469.1606648137
1377.5773880935346,4,2,1995,3,0,0,896927.7358425084
888.5626394466439,5,3,1988,0,1,1,706570.2743685035
1197.5741067247789,5,3,1997,1,0,0,792473.5043878151
938.7624236922433,5,3,1986,2,0,1,691643.867511597
1394.5459547876073,2,1,2012,0,0,0,817206.5152702042
1505.5255137568656,3,2,2010,3,0,1,809489.8459615882
2002.9311936825848,5,3,2011,2,0,1,1161018.9621782706
1598.0782121292489,5,2,2019,2,0,0,904105.964401816
1434.2698413573407,2,1,1989,1,1,0,896447.809328815
1748.8216743550468,2,3,2014,3,1,0,991456.2063935999
836.6594072976345,5,2,2009,0,0,1,518031.93403429486
1570.6843674325698,1,1,2008,3,0,1,912808.5610221316
1731.25955816609,5,2,2018,2,0,0,975192.4000375589
1056.4241262660476,5,3,2022,3,0,0,686675.7390076059
1843.1262129620786,2,3,1992,0,0,0,1156620.301525124
1601.5489222483243,2,1,2016,0,0,1,922131.3888243359
1375.4136258297597,5,1,2001,1,0,0,824154.7825441462
1689.8345598318854,5,1,2021,0,0,0,955860.8736187335
2181.2078573413187,5,2,2016,0,1,0,1302978.307981733
1554.5598765175484,2,2,2002,3,0,0,931423.4597640057
1574.4661758901009,5,2,2015,3,0,1,979013.0624175973
1362.1917301379267,5,1,1974,2,0,0,870273.8621809346
1245.0466891605624,4,3,2012,1,0,0,694530.9205583825
1749.1007449632737,1,3,2017,3,0,0,891049.84497819
1243.17485222734,3,2,2003,0,0,0,722746.3123249947
1521.4698711658177,1,2,2009,2,0,0,813070.6763156017
1356.702765970465,4,3,1980,3,0,1,925655.3347022507
1643.6939477239175,3,3,2019,1,0,1,970705.96105224
1600.0986315860846,5,2,1972,1,0,0,952410.5961183233
1811.2619832773698,4,2,2002,2,0,0,1064790.9146135028
1346.9950803435759,5,3,1980,2,1,1,910585.9008940418
1419.0375194119886,2,1,1985,2,0,0,925848.8286066958
1206.3708852653078,4,2,1987,2,0,0,788497.5575808018
1366.7120219771666,2,3,1999,2,0,1,754325.661636937
1613.1901479134556,4,3,2017,0,0,1,1048620.8289677068
1727.0965849936056,4,3,1979,0,0,1,1020890.8422989403
1223.3504027467125,2,3,1987,3,0,1,733938.3518343478
1760.881776031698,3,1,2007,1,0,1,1108625.2206430251
1906.6913576414854,1,3,1988,0,1,0,1100637.5117105208
1624.0304709671102,5,2,2005,0,0,0,995053.5358438294
2063.03874376742,4,1,1982,0,0,0,1204172.3776773175
1267.8632402689282,5,3,2015,3,0,0,806632.1343225739
1126.603589006575,2,1,1972,2,0,0,660681.5309939715
966.3839253287164,5,2,1979,3,0,0,666729.0899174712
1948.8132934467549,2,3,2007,1,0,0,1165849.960685579
1696.3096969062174,5,2,1970,1,0,0,1051344.226113449
1483.3245987268635,1,3,1996,1,0,0,909308.0513492386
1583.9905878959462,1,3,2015,1,0,0,871173.0375865481
1162.353285810487,1,3,1977,0,0,0,654407.4640380563
2233.725593885048,1,3,2020,0,0,1,1132751.973249121
1538.7663545925682,1,3,2015,3,0,0,904783.3365539861
1532.8184383814678,1,1,2011,2,1,0,948114.1231113325
1717.7299871696075,2,3,1986,1,0,1,966566.3431724787
1644.302769521014,4,3,1978,3,0,0,1047820.0131924079
1567.1652072837394,5,1,1975,0,0,0,877801.8178578322
1262.8576633664065,1,1,2012,0,0,0,649643.9978301086
1641.4405071407987,2,1,1994,2,0,0,938117.0928391267
2064.6073489425103,2,1,2008,2,1,1,1085888.970187735
1903.6260138464934,2,1,2018,2,0,0,1030911.8442867775
1977.955987991819,4,1,1997,3,0,0,1098142.9703250523
1346.6352970706444,5,3,2002,0,0,0,869555.6098222359
1203.1185539224257,4,3,2006,0,0,0,735289.2448535364
1462.2639239701055,3,2,1978,2,0,0,933103.9129584319
1516.7174736866084,2,3,1987,1,0,0,875378.8225060635
1828.2574555412846,3,3,1990,2,0,0,1004009.751779167
992.2606110855543,1,1,1971,3,0,0,538782.3014909638
1958.865095838184,1,1,2012,2,0,0,949982.0727411936
1452.597630426303,4,3,2007,2,0,0,918946.706843651
1371.935679015774,5,2,2009,3,0,0,987854.3854713368
1196.3686874219497,3,1,2005,2,0,1,752946.2505702315
1003.5429984402692,5,3,2019,0,0,0,734373.8433203518
1746.9511751885743,4,3,2012,1,0,0,1076154.252133738
1521.9953901565211,1,2,2006,2,0,0,822080.8945845563
1113.0117300776838,5,2,1984,3,0,0,818771.6640883731
1111.4763683809151,5,1,1997,1,0,1,702809.4496148318
1399.2645902129616,1,2,1987,3,0,0,792696.9016295628
2000.7064575868178,3,3,2003,1,0,1,1144923.6124965935
1422.1225945909187,1,3,1991,1,1,0,840001.3961791028
1049.0571140645682,5,2,1980,2,0,1,770597.0301915915
1426.2770807742168,3,2,1982,0,0,0,810594.203592568
1418.182929075699,3,2,1973,2,0,1,933546.6034669983
690.9340071175285,1,2,1991,3,0,0,501204.20771033777
1483.7115400446564,5,1,1976,3,0,0,951003.9466445525
1430.7196409373967,4,2,2012,1,0,0,943340.4158990706
1708.8619094440255,5,1,1993,1,0,0,1073800.5871549281
2054.6868284836037,2,3,1973,0,0,1,1235829.878751825
1837.9695088643273,4,2,1997,2,0,0,1078292.4231593262
1419.3333928335508,3,1,1984,3,0,0,871255.0033074917
1168.0422273774989,4,2,1970,1,0,0,783211.4818431372
2272.0079409749583,3,3,1972,0,0,0,1292666.0391638593
1517.7655302043465,3,3,1983,3,1,0,945104.2920867498
1504.178787573884,4,3,2007,1,0,0,782803.7566431264
1492.762473866999,3,2,2019,3,0,0,906269.5073897407
1559.4254282303564,3,2,1970,0,0,1,994785.074959346
1456.6918764228174,2,1,2007,0,0,0,741289.9954035669
1327.901397935929,5,3,2007,3,0,0,885209.1314539891
1335.9423176278824,5,2,1990,2,0,1,841394.824898065
1490.1740189352006,2,3,2017,3,0,0,847760.5503472466
1336.9725686598706,4,3,1998,1,0,0,894024.310698103
1286.1462651968507,1,1,1974,2,0,0,697541.4130877247
1531.929068307569,1,1,2018,1,1,0,796357.1447191235
1423.5068347737433,1,1,1979,3,0,0,910995.1356690716
1951.1978965748067,2,1,1997,2,0,1,1089321.113360584
704.7090574820965,2,3,1990,1,0,0,542681.8084026016
1827.4520555767385,3,1,2019,3,0,0,942790.8846969225
1873.8255577492887,1,1,1976,3,0,1,992982.6153951017
877.9829302775552,4,1,1972,2,0,1,579344.2393598566
1397.1937217758955,4,1,2014,3,0,0,808523.8220613133
1388.5677402012625,1,3,2016,0,1,0,726119.5402679757
1077.7464915846535,1,1,1989,1,1,0,666338.0696138267
1266.6549937227373,1,3,1988,1,1,1,815057.2052942078
1166.8272463602514,2,2,2004,3,0,1,677506.4792881989
2025.6811330270868,2,3,1973,3,0,0,1136910.6315440035
1780.7035179442382,2,3,1974,0,0,0,990012.687279541
1881.4665284982475,5,1,1970,2,0,0,1070488.9743044716
1716.5016192129706,4,2,1973,3,0,1,923472.9246075894
1161.2844686348312,4,2,1981,3,0,0,758390.2190101723
1342.6439201160679,3,2,1996,3,0,0,796800.0754229851
1646.8123683683755,2,2,2011,3,0,1,938998.8919428592
1133.3616573324164,5,3,1992,1,0,0,702090.6526157696
1713.8995290517164,5,2,1994,3,1,0,1116474.6394833715
1427.9023805525594,4,3,1990,1,0,0,1003220.7697471337
1387.5537577351208,2,3,2021,3,0,0,769072.6360665027
1713.2879904610475,3,3,1993,2,0,0,1081628.8021791412
1633.278993445812,2,2,1994,0,0,0,933971.9873302707
1391.710150254276,1,1,2014,2,1,0,791626.0697162596
1847.7989410092744,2,1,2015,3,0,1,1019693.3336764957
1175.6810017200307,1,2,2001,3,0,0,685679.6573483158
1684.780682083279,1,1,2001,3,0,0,986869.8755265708
1677.930377390515,3,1,1974,2,1,0,956061.140647432
1407.136068205803,4,3,2005,3,0,1,882817.6975453289
1597.8399066726354,2,3,2015,2,1,1,1024369.9637274428
1124.665927084409,1,2,2011,1,0,0,683518.6982186044
1777.2081057620703,2,2,2018,0,0,0,907474.755933523
1444.5293590671033,4,1,2011,0,0,0,820135.0856444994
1343.1830938442881,4,3,2008,2,1,0,897991.9393138454
1814.7027677510669,5,2,1985,1,0,0,1118522.7898415884
1288.6968928371723,4,2,2002,2,0,1,864105.1724807506
1077.4616110909321,3,2,2018,1,0,1,682945.0999538309
1033.011247942829,1,2,1990,3,0,0,657103.2813712037
1681.8029854036918,5,2,1978,1,0,1,1063041.3137982038
1115.871194251115,3,2,1975,1,1,1,834922.251001952
2026.4382545953094,2,1,2020,1,0,0,1060128.5683260937
875.4211776348834,1,3,2014,0,0,0,514120.1469647026
2008.9369104870116,4,3,2004,1,0,1,1127720.0136276204
1563.3052401607856,1,2,2008,3,0,0,816051.5317401722
1470.9860664388823,2,3,1991,3,0,1,918740.8682723602
1336.524273957315,5,3,2010,3,0,1,840052.8236815649
1619.7408343056213,5,3,1974,1,0,0,1010986.1370079428
1488.7095892725456,5,2,2011,2,0,1,1007242.2601624833
1830.9905646049565,4,2,1992,2,0,1,1174492.1674211193
1534.2682945986119,3,3,1986,3,0,0,1050336.386233721
1545.0905284385633,3,3,1981,0,0,0,1001427.8896392377
1390.9163363358432,1,2,1992,2,1,0,946609.077757196
1482.9163128836797,4,1,1985,1,1,0,936284.6398324679
1592.3405306676177,5,3,1972,2,1,0,997019.2362015797
986.9494822030123,5,1,1999,3,0,0,612455.1126272321
1095.544373368286,2,3,1991,0,0,0,734588.717056219
1722.9792282068145,2,1,1978,2,0,0,984070.9392439283
1551.2596314383825,5,1,1998,2,0,1,961936.391511492
1444.8049990941963,5,1,2016,3,0,1,866948.9451494075
1505.530179919618,4,2,2006,0,0,1,878306.3929773448
1604.2745116085014,3,1,1992,0,0,0,927325.220293097
1338.0720959071916,2,1,1982,3,0,1,762274.8734473939
1266.5085823793063,3,1,2001,1,1,1,803111.2144800578
1558.7535765293044,4,3,2015,2,0,0,1007930.7980214087
1206.4881667154905,5,1,2021,1,1,0,653562.2912748042
1622.4758267143416,3,3,2016,2,0,0,866172.3194533151
989.2249187286479,5,1,2017,2,0,1,689392.9574394769
1808.746691197693,5,1,1992,1,0,0,1128571.7392818897
1641.7792447239128,1,2,2014,3,0,0,885394.9858549723
1576.8089202941628,3,3,1986,3,1,0,890492.4293948545
1794.807295183654,3,1,2009,2,1,0,1107999.8562888647
1999.642333338773,5,3,1990,3,0,0,1167267.9090736602
1804.3110195054392,4,3,1971,2,0,0,1081093.192606339
947.7377306005064,1,2,2006,3,1,0,616821.1089162421
1116.1269099792896,5,2,1975,2,0,1,742741.7863941069
1312.5544266912964,2,2,2013,3,1,0,752470.7269877885
1507.8273150632501,2,2,1987,0,0,0,817023.6479034206
1655.2977061407369,1,2,1999,1,0,0,1004545.2811167525
1282.2768560539603,4,2,1991,0,0,0,841119.1074482442
1556.0300293431235,5,2,2002,1,0,0,967740.8817024209
1273.3851202940032,3,2,1999,1,0,0,651370.8988602733
1316.5446591024156,1,1,1986,2,0,1,799181.9243039872
1078.0016709455333,4,3,2012,1,0,1,731210.8458932401
1223.0300261667287,3,2,2001,0,0,1,679608.3560741061
1094.4946183150998,2,2,2011,0,0,0,642182.8158312415
1207.2380241068001,2,3,2020,3,0,0,774193.6368663345
1816.092538982352,3,1,1983,0,0,1,1071514.5654208646
1215.1803333504172,1,3,1979,3,0,0,712581.6965901973
2289.714619451217,2,3,2016,1,0,0,1247520.5418798071
1647.9953702642667,5,2,2020,0,1,0,1023515.5316921934
1555.450837108462,3,3,2005,1,1,0,943698.0202651136
1242.492665945636,3,3,2003,0,0,0,808960.5774281627
1710.0929638226974,2,2,1978,0,0,1,1009830.559753354
1327.3086521286677,1,2,2011,3,1,0,823300.4593287255
1536.6029443936084,5,2,1997,1,1,0,1005371.5045463921
2268.0253614806384,1,2,1980,0,0,1,1193678.545575026
1471.182030082605,4,3,1983,2,0,1,943090.3168091365
1844.7819978857028,4,3,2008,1,0,0,1055773.2752669032
1289.0470724622337,2,1,2016,1,0,0,768715.8359714708
1489.5034528509116,2,1,1988,1,0,1,887913.378760657
2031.240190690653,2,3,1984,3,0,1,1180209.472240047
1311.9098826636698,4,1,1997,2,1,0,762862.3711597017
2043.7345673990785,1,3,1993,1,1,1,1097021.8670935123
1712.3255806366426,1,1,1977,0,0,0,952679.921315569
1331.2599672317197,2,2,2012,0,0,0,710769.3497541869
1689.7223217166563,5,1,1978,3,0,0,1068167.4842631898
1791.766334888019,1,2,2016,0,1,0,900726.1541901982
1686.5429886651589,4,2,2002,1,0,1,1083919.054243024
1028.9325840328631,3,2,2002,0,0,0,658659.4965130154
1281.8588472525394,3,2,1988,1,0,0,780888.6781251561
1425.7444093345487,3,1,1972,0,0,0,923025.151487411
1477.669971269986,5,3,1979,2,0,0,995255.8823460499
1686.2016292652033,2,2,2009,3,0,0,933350.6527017495
1553.3103002799762,4,1,2016,3,0,0,912533.9656289046
1099.3966923869696,5,2,2011,2,1,0,643484.6312027475
1614.0593553017889,4,1,1970,2,1,1,1078239.1931783368
1683.175723585147,4,1,1998,3,1,0,1006790.2778929874
1667.9371343793118,2,1,2019,2,0,0,814107.3249277069
1824.2342176663865,3,3,2003,1,0,1,1008025.1803627438
1750.1766463646713,2,1,2020,0,0,0,976633.9256048062
1637.754023768531,5,1,1982,3,1,0,1115567.1476360732
1478.9502865624058,5,3,1970,2,0,1,978496.4192271072
1001.7117199452025,5,3,2003,1,0,0,626753.2928729566
1628.8854657397758,2,1,1998,3,0,0,853405.2483859328
1562.3063061489333,4,3,2017,2,0,0,1002883.883981522
1581.473651158612,4,2,2016,3,0,0,960210.2145016673
1116.9754272539071,1,2,1982,2,0,1,672980.7325947162
1175.6830378775212,5,3,2017,3,0,0,740427.9296349835
1815.9458559998711,4,3,2018,1,0,1,1101564.409886617
1488.1334538430035,1,1,2022,1,1,1,872282.6516250698
1704.4502092117873,4,3,1998,0,0,0,957395.8839330963
1508.4955128391384,5,1,2008,3,0,0,857129.1318745222
1508.9268418487236,3,2,1993,0,0,0,819868.286138687
1781.4851417927994,5,3,1995,3,1,0,1100331.3418726819
1345.1865815347878,2,1,1986,2,0,0,750104.0180882561
1528.836233082295,4,1,1976,2,1,1,1057322.7174496257
1361.3174133884872,4,2,1982,0,0,1,826469.6755812716
1369.6511317703053,2,3,1974,3,1,0,816342.2434876661
1407.2483629594083,2,2,1995,0,1,0,771949.3094347278
1566.6401314901138,3,1,2018,1,0,1,884121.4856929772
1356.3754135009567,4,1,1972,0,0,0,733081.5006015364
1876.7268376720563,4,3,1976,0,0,1,1127357.3831429083
1231.617809334149,3,1,2018,2,0,0,648998.4296429963
1443.9385067515923,1,3,2008,0,0,0,859899.7717128812
1368.0806825177476,3,2,2022,3,0,1,830868.458720971
1934.0933653061197,5,3,1970,2,0,0,1291097.862729682
1558.9664329534723,4,3,2018,0,0,1,918073.1875016256
1809.5533618405905,2,1,1986,1,0,1,870189.4892217824
1054.3318880889083,5,1,2012,0,0,0,726050.0040622643
1580.1150797607777,4,3,1994,0,0,0,969153.6978042423
1766.8892386870311,3,1,1972,0,0,1,1062290.0132915492
1524.6851967826271,5,1,1984,2,0,1,906213.4189041111
1819.6441125196054,4,1,1998,3,0,0,1057679.6534800332
1344.8134649698884,1,3,2022,1,1,1,807729.7762417272
1922.804232055674,1,1,2012,0,0,0,995511.085147532
2189.669437085775,2,3,2001,3,0,0,1145116.5772802136
1391.1484318681023,4,1,1995,3,0,1,1007008.8183470039
1366.3492435797684,1,2,1985,2,1,0,862966.0836812954
1936.0153431353103,3,1,1994,1,1,1,1153036.873918675
1973.8716437192138,4,1,1997,2,1,0,1223630.102910306
1343.1419918540196,3,3,1978,3,0,0,883780.6064789518
1373.9439548712428,3,3,1970,3,0,0,841111.8334316364
1415.4646173418478,1,1,1998,3,0,0,860221.4465618085
1096.6648466897168,4,2,1991,2,0,0,752943.2236737593
1224.4044160547405,5,1,1985,1,1,0,773237.9171616674
1198.7577699743797,1,1,2010,0,0,0,686879.6184014422
1269.6607304687614,1,2,2020,2,0,0,695801.8636255766
1489.5945337839657,4,3,2013,3,0,0,920221.1768819136
1570.2644197609561,4,1,2020,2,1,1,983114.7332261394
1965.150147844223,3,3,2010,3,0,0,1198999.9589873597
1200.4937877783627,4,3,1976,0,0,0,739947.0946328286
1795.296719542975,3,2,1983,0,0,0,1045896.4688041008
1435.8033467323473,1,2,1998,1,0,0,903687.9846777334
1485.1608871042702,2,3,1988,3,0,0,883778.0687507874
1702.445847649981,5,1,1988,1,1,0,1051050.7627099697
1163.1833935313105,1,3,1971,1,0,0,809303.2204895546
1614.7229238552152,4,1,2010,0,0,1,967235.3355250628
1549.9356624639167,5,1,2014,2,0,1,865268.8172739026
1647.7353792024446,2,2,1984,2,0,0,913093.806993504
1586.7505931723454,2,1,1972,1,1,0,973854.2573044448
2236.5900419732684,3,1,1980,0,0,0,1257445.266381158
1308.6780047246052,5,3,2022,3,0,0,838467.9956992436
1340.7009134994546,3,2,2015,2,1,0,926411.6659080505
1313.0578420725706,1,1,1999,1,0,0,694654.5632283655
1333.3568642519235,5,1,2009,2,0,0,811957.74095436
1308.7838618080448,1,2,1987,2,0,0,662236.4204321107
1856.7049593322656,3,3,2020,3,0,0,1124385.4741061816
1926.1512743969565,5,2,2017,0,0,0,1059133.0221453493
1328.776111875157,3,2,1971,3,0,0,889244.894377625
1250.2933280687314,5,1,2001,0,0,0,809748.1706062307
1641.4246669159213,3,1,1977,2,0,0,1079167.2963973496
1334.3330867157085,2,3,1991,1,0,0,826630.3221844148
1689.8795453266532,3,1,1975,3,0,0,980135.4414473211
1560.87690625539,2,1,1981,0,1,0,930119.6011275497
1045.2767655008304,3,2,2016,2,0,0,601675.7403589858
1964.2515603990184,5,1,2009,0,0,0,1127083.7890749546
2038.7633019286563,5,3,2005,0,0,0,1172336.5256872096
1316.1633928546842,5,2,1984,0,0,0,823564.7739437486
1383.6895320192048,4,3,1997,2,0,0,817926.4416132241
1585.7596172174715,1,2,2021,1,0,0,869902.1115968747
1600.3370369961076,5,1,2018,1,0,0,971380.0197823572
1697.5632818018491,2,2,2014,1,0,1,875176.8011673382
2103.061361629905,5,2,1987,0,0,0,1183101.0481516956
1446.9158317517852,4,1,1971,2,1,0,928860.2743349061
1260.5108266384639,2,1,1982,0,1,1,658889.5812585612
1086.2042315956419,4,3,2014,1,0,1,794115.337483467
1280.7209880174244,2,3,1984,1,0,0,738804.9532810595
1490.0619081378609,3,1,1989,2,0,0,827126.578131009
2038.3673590553362,1,1,1998,0,0,0,1068816.565714829
1344.7166102891485,1,1,2011,3,0,0,756226.9470844854
1567.1363854916694,4,2,1998,3,1,0,940744.5478482179
1495.0731311781744,1,2,1972,1,0,0,907557.2488885336
1856.5179820344251,4,2,1988,2,0,0,1113244.3179892737
2258.0797277620863,4,1,1972,0,0,1,1253177.7692007753
1340.739368123904,4,3,1983,0,0,1,829249.4282158334
1353.1681672445334,1,1,2009,1,1,0,689745.5988027507
1813.2482631207217,4,2,1973,1,0,0,1013957.0867836192
1704.5674468878933,1,2,2021,0,1,0,953663.6398545648
2054.01219772081,4,1,1980,0,0,1,1143662.8710569134
1675.1784555977893,5,1,2000,1,0,0,1075803.4504513494
1392.212372763882,4,2,2012,0,1,0,850652.3463973982
1677.1964492076927,2,2,2001,3,0,0,892957.0533486465
1832.6110741748723,4,2,1996,1,1,0,1036138.1727840581
1746.1446543592092,3,1,1999,0,0,0,1024720.811913676
1652.1822093321894,4,2,2012,1,0,1,973265.424535641
1820.0024068767461,2,2,1971,2,1,0,1131600.9447662549
1850.7886771337019,2,3,2018,1,0,0,1007069.9395629477
1914.647697311258,1,1,1978,1,1,0,1049312.2440304535
1694.6129662768928,5,3,1997,2,1,0,1124278.8516901657
1449.8645759049436,4,3,2000,3,0,1,880003.4191010422
1544.014105929997,1,2,2003,0,0,1,886459.7596335167
1861.9526899525072,5,1,1984,2,0,1,1114387.1644561852
1254.919298703829,4,2,2017,1,0,1,817395.8200207032
1610.6019926618703,3,1,1994,0,0,0,1000225.1957077251
1381.9983563017918,4,3,2005,2,0,0,834390.2939908454
1508.6234468804453,2,1,1977,0,0,0,827954.6165003999
1883.5355587821896,2,2,1978,0,0,1,1110058.1988429625
1557.329720405971,3,2,2006,2,1,0,881564.6804428322
1513.9309644468447,1,2,2017,0,1,0,923788.7551159242
1092.0431577060242,5,1,2014,3,0,1,792322.7063558358
1723.8760698081662,4,3,2008,2,0,0,971982.0529460616
1693.6452543423227,2,3,2001,3,1,0,934666.386200816
2148.976416991638,1,1,2021,1,0,0,1063459.3508530082
1407.6665295140997,3,2,1986,0,0,0,773564.7827590939
1565.7450982991818,2,3,2004,1,1,0,966960.5773673397
1574.8151051132265,3,2,2006,1,0,1,1001866.0683455834
1973.2359839290423,4,1,1988,0,0,0,1156124.3025954624
1471.4113402839143,5,2,2013,2,1,1,933896.0593111343
1583.7064577311019,2,3,1998,0,1,0,948978.1522110717
1682.3689529149617,2,3,1976,1,0,0,939695.5748172291
1555.9827369469074,4,2,1997,1,0,1,998851.7707516653
1366.0699156348414,1,1,1978,2,0,0,804636.4048165473
1558.2269978694924,5,2,1997,0,0,0,973773.3880355693
1822.0895249579316,2,1,1975,1,0,1,1007667.977385977
1192.0454101766818,5,2,1998,3,0,0,772592.8457449086
1539.8909022440628,2,3,1986,1,1,0,968199.1081210916
1289.963755518248,5,1,1985,1,0,0,880157.5227353048
1858.5139886774527,3,1,1992,2,0,0,1024852.0063662971
1043.0439285648677,2,1,2000,3,0,0,668544.5596409749
1332.3234458185234,5,3,1972,1,0,0,836558.1330787475
1613.1635625193562,1,2,1990,1,0,1,1025441.4699010085
1969.657208770302,3,3,1995,3,0,1,1147087.3689715245
1480.2749216781037,3,1,2005,0,0,0,865312.7195416575
1333.4401419920405,1,2,2011,0,0,0,737000.5517577019
2064.347120832177,5,3,2006,1,0,0,1334438.7164841131
1065.5958298751268,4,1,2022,1,1,0,680292.9953387915
840.3582130139754,1,1,1991,0,0,0,461426.3053574813
1632.0043350159997,5,3,2011,2,0,1,1044977.493138653
1349.3837326942166,1,3,1981,3,1,1,892553.9096858769
1193.630154860786,1,3,2011,3,1,0,725941.5842424459
1712.506934189806,2,1,1982,2,0,0,917515.1738834976
1573.1402141313597,5,3,1980,2,0,0,968170.163996162
1330.7764107789815,4,1,1985,2,1,0,892463.1527967367
1115.9086803987316,2,3,1977,2,1,0,651581.8928876676
1761.7371984840433,1,1,2009,2,0,1,957466.3042727361
1695.0603533875983,1,1,2009,2,0,0,966273.3727846383
1470.2472408661852,1,2,2014,3,0,1,839448.8094830902
2053.9910988142997,5,3,1971,2,0,0,1352681.0563847867
1178.9745701021543,5,3,1999,0,0,0,671254.7730361446
1042.3424487225784,2,1,1999,2,0,0,572102.8309153175
1292.4275790356266,4,1,1981,2,1,0,717482.0994051739
1486.3241950933507,2,1,1979,3,0,0,971846.6258839404
1573.0018347968075,3,2,2013,3,0,0,869251.5598608223
1427.629182643101,1,2,1980,2,0,1,747468.5257351339
1605.6166189542892,1,1,1984,3,0,0,876212.3437558729
1124.5381727428667,1,3,1985,1,0,0,605628.6309620099
1933.1293812219778,2,3,1986,3,0,1,1108325.4460957188
1475.3546464822293,2,2,1995,3,0,1,887738.7857883598
1835.1887494764383,1,2,1971,3,0,1,1109840.4299405743
1602.8176039133114,2,1,2019,3,1,0,911675.3549511088
1637.0259657461352,5,3,1981,0,0,1,1026777.5178398014
1670.9301840696612,5,1,2020,0,0,0,924385.330881324
1634.3125680051944,2,2,1995,0,1,0,869571.3726401143
1692.8168279602633,1,3,1992,2,0,0,870081.4018318366
1898.7457590397294,2,3,1987,2,0,0,1072148.5905030465
1558.956350910441,2,2,2001,1,1,0,915710.1643823812
1712.7011272765537,2,1,2018,0,0,0,894419.8375769643
1473.079291713832,3,1,2007,2,0,0,757073.2962138489
1932.0351646348417,5,3,2016,3,0,0,1158087.5869808292
1297.0823093822191,4,2,1972,3,1,0,951006.3988363253
2040.2821298732447,4,3,2007,0,0,1,1175408.7392610651
1487.952614806697,3,2,1972,1,0,1,885999.7785245443
1070.7674693645856,2,1,1999,1,0,0,621359.0326701169
1538.4313244732368,3,2,1970,3,0,1,906996.6700084625
1295.6845027575357,3,1,1999,1,0,0,698397.2949139605
1752.1930646966173,1,2,2014,0,0,0,957667.2367530405
1304.2128062092827,5,3,2001,3,0,0,898622.479556258
1366.144970035566,4,1,1997,2,0,0,816717.567408062
933.1377807163407,2,3,1990,2,0,1,525880.6379773819
1364.308104225277,4,3,2015,1,0,0,842821.4984394261
772.836202011313,4,1,1982,3,1,0,685787.2095225289
1024.829152954283,5,1,1996,3,0,0,672219.6683047273
1728.124396843289,4,3,2005,2,1,0,1048169.9096514734
1735.7400475952497,4,3,1976,3,1,1,1076238.3472919278
1627.6372685354895,3,3,1991,3,0,1,1024886.3341624152
1209.9071570612361,5,3,1979,3,0,0,790404.4053058875
1485.6865931574062,1,1,2008,1,1,1,903918.3914621328
1498.9192382728295,2,1,2022,3,0,0,802580.591812157
1152.490593242237,4,3,1984,0,1,1,807334.8700270668
1951.019490530145,2,2,1984,1,0,0,1092192.5329620948
1763.2086871727015,1,2,1973,3,0,0,1089359.9245518157
1433.710747851101,2,1,2001,3,0,0,844329.3432354529
1508.0657516983592,1,3,1992,0,0,0,919383.2418054256
1562.5148423842656,3,3,1975,1,1,0,979688.5962309912
887.4795394727128,4,1,1993,2,0,0,580202.7547106423
1425.846785243821,1,2,1989,2,0,0,815013.8541451492
1295.4047256006604,2,2,2006,1,1,1,756131.9027314705
1199.5139970315254,4,2,1989,3,0,0,800340.4377009564
1415.6699121342135,3,1,1981,3,0,0,820317.0390269324
2039.3059580548568,4,2,2002,2,0,0,1176276.131103321
1692.252858380103,1,1,1997,2,0,1,989886.5275132471
1328.646303065161,3,1,1977,2,0,0,884500.5970214275
1671.7748344068475,2,3,1970,0,0,1,1002030.4213966733
