Vibration,Rotation_Frequency,Temperature,Label
0.4967141530112327,63.99355436586002,26.62410862512809,Normal
-0.13826430117118466,59.246336829127685,29.27740664642241,Faulty
0.6476885381006925,50.59630369920174,26.037900395000193,Normal
1.5230298564080254,43.53063222294426,28.4601923518048,Faulty
-0.23415337472333597,56.982233136135896,20.531926665231072,Normal
-0.23413695694918055,53.934853854217494,31.066468536864694,Normal
1.5792128155073915,58.95193220027733,30.006027376811122,Normal
0.7674347291529088,56.351718016819696,25.914556844659046,Normal
-0.4694743859349521,60.49552715319335,33.296228342162024,Normal
0.5425600435859647,44.64764788439432,34.68785068813279,Normal
-0.46341769281246226,63.173940656343255,21.962200678155128,Normal
-0.46572975357025687,51.975996046923996,26.18637610716893,Normal
0.24196227156603412,70.75260872625265,26.15428825106351,Normal
-1.913280244657798,43.10812181910432,25.300484494455677,Normal
-1.7249178325130328,67.3596380316525,34.14737420965874,Normal
-0.5622875292409727,51.979107834626475,29.030869306135983,Normal
-1.0128311203344238,43.48581996385552,28.677425793446947,Normal
0.3142473325952739,45.16114165945678,19.980688177966233,Normal
-0.9080240755212109,46.7965269180568,33.17709015104613,Normal
-1.4123037013352915,54.241659464019165,23.80370802573264,Normal
1.465648768921554,55.228354880355,30.299663151331643,Normal
-0.22577630048653566,44.26299996061421,31.386884689790957,Normal
0.06752820468792384,49.756454077390174,36.80329297919326,Normal
-1.4247481862134568,71.42270358611864,23.45589800440444,Normal
-0.5443827245251827,67.27543170100711,14.902439220895873,Normal
0.11092258970986608,54.36323669674032,30.919247723768475,Normal
-1.1509935774223028,50.380034781682,39.00255590755427,Normal
0.37569801834567196,51.200313267182615,36.19473176469719,Normal
-0.600638689918805,56.13517972730416,31.048297076373128,Normal
-0.2916937497932768,39.77207434801595,27.541819071839765,Normal
-0.6017066122293969,47.42623462576655,34.03561298318655,Normal
1.8522781845089378,33.314159261224106,25.132269001477656,Normal
-0.013497224737933921,53.992231226052795,32.3817888467811,Normal
-1.0577109289559004,56.47195939702741,32.52735079583314,Normal
0.822544912103189,45.16813537700626,35.3010495374944,Faulty
-1.2208436499710222,65.73986763290033,43.79830019455539,Normal
0.2088635950047554,37.74234336997659,31.962079835893835,Faulty
-1.9596701238797756,35.3562511979018,27.455181871462507,Normal
-1.3281860488984305,52.24451818559972,29.87212843904003,Normal
0.19686123586912352,60.470983026121544,21.15462047555441,Normal
0.7384665799954104,66.83927691457869,26.52643434455471,Normal
0.1713682811899705,45.4111573713106,27.95358780943448,Normal
-0.11564828238824053,60.78680833431296,27.379558010327038,Normal
-0.3011036955892888,49.61491530499293,30.76177436016861,Normal
-1.4785219903674274,48.273727000591805,25.887900338088997,Faulty
-0.7198442083947086,58.83659937486672,35.60515333662236,Normal
-0.4606387709597875,56.5232287841342,30.001035324590987,Normal
1.0571222262189157,34.236078430157505,29.953498394306926,Normal
0.3436182895684614,64.76540349725896,28.36052641743541,Normal
-1.763040155362734,63.800913541474515,30.775953419294897,Normal
0.324083969394795,43.74437298490471,34.125491323338174,Normal
-0.38508228041631654,53.95803533437409,25.664348921445498,Faulty
-0.6769220003059587,54.94030186282739,26.709417554623716,Normal
0.6116762888408679,52.60673765823907,28.481369856116675,Normal
1.030999522495951,44.4969484615458,23.270645382633926,Normal
0.9312801191161986,43.283766320619485,25.903710701392512,Normal
-0.8392175232226385,49.744459290085544,27.618895632276704,Normal
-0.3092123758512146,61.72729019259364,34.371945903563635,Normal
0.33126343140356396,55.43600154594432,31.312806645009626,Normal
0.9755451271223592,46.29385667913894,30.967949556837723,Normal
-0.47917423784528995,57.716987106483444,34.25448981083986,Normal
-0.18565897666381712,21.514573793699245,29.313141058003016,Normal
-1.1063349740060282,61.48765700372103,31.952324249644448,Normal
-1.1962066240806708,32.60286221221901,29.48389123533752,Normal
0.812525822394198,46.37559058596868,31.326811746998143,Normal
1.356240028570823,38.803301053738565,27.08620671194209,Normal
-0.07201012158033385,37.053185242790946,17.805914208617857,Normal
1.0035328978920242,61.608267873785195,29.32860418906848,Normal
0.36163602504763415,45.32298798688109,37.1137406804997,Normal
-0.6451197546051243,53.46503881730716,34.631077011207964,Normal
0.36139560550841393,49.53079421120816,34.82698742295585,Normal
1.5380365664659692,54.770408272231215,36.18065360903109,Normal
-0.03582603910995154,50.768218910602556,30.443287954807186,Normal
1.5646436558140062,37.1700777581143,30.986578537027977,Normal
-2.6197451040897444,59.9626681944714,26.91174052282825,Normal
0.8219025043752238,45.06243416838687,28.41963571986475,Normal
0.08704706823817121,34.434181013402494,33.07885574885571,Normal
-0.2990073504658674,45.718848390340874,36.01942218584408,Normal
0.0917607765355023,65.00759790634311,29.302768621595003,Normal
-1.9875689146008928,58.50221742113493,27.749053675742942,Normal
-0.21967188783751193,46.51347865592141,30.002639794282988,Faulty
0.3571125715117464,46.50742295681571,33.00603374464558,Normal
1.477894044741516,46.783649487826175,22.78072591933229,Normal
-0.5182702182736474,70.76747983560841,18.51909523431381,Faulty
-0.8084936028931876,53.819354522315535,27.247315752542082,Faulty
-0.5017570435845365,54.300416471910694,23.896437870429207,Normal
0.9154021177020741,60.30283454031842,27.459299011763445,Normal
0.32875110965968446,52.387891590265134,29.26109840591264,Normal
-0.5297602037670388,47.40957854179297,27.733757954884933,Normal
0.5132674331133561,48.03650150915022,37.26233767235372,Normal
0.09707754934804039,49.283987405859364,31.6337238230116,Normal
0.9686449905328892,49.627777634901584,31.502371798054142,Normal
-0.7020530938773524,57.2762954363698,33.11103572021701,Normal
-0.3276621465977682,50.519458858072994,24.305834411096154,Normal
-0.39210815313215763,57.32640077215579,35.195558937101346,Normal
-1.4635149481321186,49.19283419891418,29.6211785673227,Normal
0.29612027706457605,50.786351903160906,33.35240308620606,Normal
0.26105527217988933,30.017993154678923,24.64071383479922,Normal
0.00511345664246089,59.16327674702482,22.23120616991968,Normal
-0.23458713337514692,53.46488475897993,34.08944829012514,Normal
-1.4153707420504142,59.98010109859652,31.882047630487584,Faulty
-0.42064532276535904,21.037446218063106,25.48974222821245,Normal
-0.3427145165267695,70.88374704780728,25.651684593626527,Normal
-0.8022772692216189,48.604103718448265,35.62717392207385,Normal
-0.16128571166600914,61.081828167375164,24.05294053566336,Normal
0.4040508568145384,39.60094072874469,38.21336476627982,Normal
1.8861859012105302,56.1277390506257,25.496896326760655,Normal
0.17457781283183896,39.46584436826344,33.191959628041914,Normal
0.25755039072276437,43.76231039304195,28.356907621255075,Normal
-0.07444591576616721,69.14031353866787,33.01593715541171,Normal
-1.9187712152990415,48.09317599236653,27.279429989429037,Normal
-0.026513875449216878,52.17432873179723,29.18603546963853,Faulty
0.06023020994102644,58.70067730688754,30.204595876978605,Faulty
2.463242112485286,54.95681887972604,24.989062721092637,Normal
-0.19236096478112252,51.504189051435766,33.70412172710063,Normal
0.30154734233361247,53.64961002466225,27.433932167642073,Normal
-0.03471176970524331,74.03415585238275,28.857000423299908,Normal
-1.168678037619532,49.42381202966415,25.028253126957438,Normal
1.1428228145150205,52.010990467149675,17.188331706023448,Faulty
0.7519330326867741,60.50654396007612,29.044861186999157,Normal
0.7910319470430469,61.05525932957984,42.063077108064576,Normal
-0.9093874547947389,61.8703030556038,33.92302143949012,Normal
1.4027943109360992,56.38730222029184,29.903698101328025,Faulty
-1.4018510627922809,38.569950872695166,28.68554585395866,Normal
0.5868570938002703,66.33431532301096,30.11232946406023,Normal
2.1904556258099785,38.53654606981312,32.73559557587605,Normal
-0.9905363251306883,53.02635465239033,24.095935923455777,Normal
-0.5662977296027719,42.45724149980642,35.57160847334436,Normal
0.09965136508764122,49.35861653407007,33.57690657720622,Faulty
-0.5034756541161992,53.2876241030348,33.59092862853967,Normal
-1.5506634310661327,53.21357215450273,32.192378694048635,Normal
0.06856297480602733,54.21920754235285,30.09808328846995,Normal
-1.0623037137261049,66.13711269058646,33.3643061798341,Normal
0.4735924306351816,54.5353430151398,32.95907066870689,Normal
-0.9194242342338032,47.558433647093516,28.22979644529488,Normal
1.5499344050175394,59.64087168288357,27.131991135515495,Normal
-0.7832532923362371,61.894704889246405,30.509281476309933,Normal
-0.3220615162056756,37.72392184863008,37.74510075747594,Normal
0.8135172173696698,55.97400069849858,23.804464621730496,Normal
-1.2308643164339552,57.01172742310898,22.662373671237802,Normal
0.22745993460412942,47.02436496640008,30.823804206182583,Normal
1.307142754282428,63.75706813311619,30.25443850928009,Normal
-1.6074832345612275,48.499444129674735,30.86670832185204,Normal
0.1846338585323042,51.255764534715425,31.219765989542502,Normal
0.25988279424842353,48.2692817571613,28.883988726825976,Normal
0.7818228717773104,50.155790475814676,37.44931719301041,Normal
-1.236950710878082,39.037249131047986,21.99548010761742,Normal
-1.3204566130842763,35.59949117405706,25.85751487609877,Normal
0.5219415656168976,65.94505063224972,29.483726199254765,Normal
0.29698467323318606,41.53038651681672,21.784055944229163,Normal
0.25049285034587654,40.08607650543693,29.120727977839643,Faulty
0.3464482094969757,28.466098863962852,38.30735082864009,Normal
-0.6800247215784908,43.610382523104974,30.10443244147981,Normal
0.23225369716100355,36.76910206592502,31.153504528593416,Normal
0.29307247329868125,66.4201516013637,23.6991761741371,Faulty
-0.7143514180263678,60.09817089342634,26.918192959802614,Normal
1.8657745111447566,43.118496548222765,28.124018098380315,Normal
0.4738329209117875,72.52435805344308,28.41142451621883,Normal
-1.1913034972026486,59.81765486991594,36.40821897501884,Normal
0.6565536086338297,46.75168616491378,32.788455303625625,Normal
-0.9746816702273214,25.00594285126427,24.44271021531484,Normal
0.787084603742452,72.90942572590743,31.232523892160025,Normal
1.158595579007404,36.10427533236404,32.491108742483924,Normal
-0.8206823183517105,33.546012530431085,35.700745192606334,Normal
0.9633761292443218,60.225704320096405,37.90270343284187,Normal
0.4127809269364983,74.39752406339272,24.924529040860655,Normal
0.82206015999449,63.84272818510518,25.94571244394831,Normal
1.8967929826539474,55.639091200523595,23.71211070542692,Normal
-0.2453881160028705,55.94754341665286,28.829900704465093,Faulty
-0.7537361643574896,58.53415558780308,32.331791872231676,Normal
-0.8895144296255233,57.589285897867654,34.93667258294551,Normal
-0.8158102849654383,52.811914239693756,29.620244881787386,Normal
-0.0771017094141042,51.04201103951876,28.40076238372578,Normal
0.3411519748166439,49.374068721004775,30.758789961243703,Faulty
0.27669079933001905,42.46035411133324,25.824285491849885,Normal
0.8271832490360238,47.19324923133226,40.44769360847387,Normal
0.01300189187790702,33.07043185804615,21.961694864409708,Normal
1.4535340771573169,49.0166037320525,30.923702894478623,Normal
-0.2646568332379561,40.11408892849083,40.1180310961482,Normal
2.720169166589619,38.964106827842286,30.033999222799988,Normal
0.6256673477650062,51.798941511534785,29.049804824992528,Normal
-0.8571575564162826,63.92002286344599,28.212772885947864,Normal
-1.0708924980611123,59.183166060023126,29.09804159118796,Normal
0.4824724152431853,34.29499396376823,36.86424237338265,Faulty
-0.2234627853258509,40.10371863429663,18.940690443352466,Normal
0.714000494092092,59.40771187988216,37.66716850648163,Normal
0.47323762457354485,40.175126064616904,22.880214237749275,Normal
-0.07282891265687277,47.753668500029754,28.666738353827927,Normal
-0.846793718068405,55.50052099024552,27.853777898506692,Normal
-1.5148472246858646,40.31655545136365,32.942766348853596,Normal
-0.4465149520670211,51.0537550614596,22.009378240581263,Normal
0.8563987943234723,36.65974505081795,32.31086333040972,Normal
0.21409374413020396,43.98632356048786,40.12154811643426,Normal
-1.245738778711988,53.19781934142537,23.184129977035948,Normal
0.173180925851182,34.070062664683306,30.94853083805198,Normal
0.3853173797288368,54.40474737960399,26.690089111016956,Normal
-0.883857436201133,49.803622010733186,32.12943603096518,Normal
0.1537251059455279,55.524899544171475,30.09573888707876,Normal
0.058208718445999896,52.23914134064661,26.79256545477845,Normal
-1.142970297830623,63.64140429973844,32.43936142435537,Normal
0.3577873603482833,51.25224502647907,39.021740548933714,Normal
0.5607845263682344,45.70594458874747,29.045481041363505,Normal
1.083051243175277,51.222975030322836,33.59878971074091,Normal
1.053802052034903,55.43298029036388,23.53363521064418,Normal
-1.377669367957091,50.48860070325704,25.217818115909957,Normal
-0.9378250399151228,50.405916912038826,32.362031389401885,Normal
0.5150352672086598,42.980083121932445,37.420580142679825,Normal
0.5137859509122088,43.37099082449052,31.7780667439283,Normal
0.5150476863060479,35.97394728200307,28.434709847384227,Normal
3.852731490654721,67.4957674318694,29.99645702711677,Normal
0.570890510693167,37.56136764608715,23.747961330151412,Normal
1.135565640180599,43.07094802204092,33.022576631776836,Normal
0.9540017634932023,42.81592734430802,34.41166531161704,Normal
0.651391251305798,58.949243769444415,27.7395483358346,Normal
-0.3152692446403456,47.05050321707972,27.649789261202493,Normal
0.7589692204932674,62.477420726737336,31.329391148260243,Normal
-0.7728252145375718,43.26509375756132,27.816401319797023,Normal
-0.23681860674000887,52.78994162223802,29.669336926870887,Normal
-0.48536354782910346,41.64652946740243,40.49860894583258,Normal
0.08187413938632256,71.45149127773388,28.76487149627002,Normal
2.3146585666735087,38.12401580970487,28.20829923989389,Normal
-1.867265192591748,53.09820710227027,26.762290971824203,Normal
0.6862601903745135,56.337768809320984,33.720959857499686,Normal
-1.6127158711896517,54.137990974514985,29.093879133909486,Normal
-0.47193186578943347,48.147123411222914,26.753134808392872,Normal
1.088950596967366,48.70179300266574,36.60652016136506,Normal
0.06428001909546277,50.438114719791095,37.098015022568184,Normal
-1.0777447779293061,48.529979983715116,26.997882171306475,Normal
-0.7153037092599682,59.638791167949094,20.66730024319692,Normal
0.6795977489346758,72.10523001591352,35.03756844918461,Normal
-0.7303666317171367,44.425082149921664,26.57685087119998,Normal
0.21645858958197486,36.301970204209226,33.953127995813844,Faulty
0.045571839903813784,49.117179516487454,20.149480911440822,Normal
-0.6516003476058171,75.79709337654319,34.462986691496546,Faulty
2.1439440893253257,41.963254320302696,23.944140353596094,Faulty
0.6339190223180112,66.39116805444067,33.653820595332625,Normal
-2.025142586657607,66.77700814076441,30.071365339182172,Normal
0.18645431476942764,44.46411758292005,25.230302903016778,Normal
-0.661786464768388,55.689830791852756,27.964818435366098,Normal
0.852433334796224,66.28396623128538,33.431592284783505,Normal
-0.7925207384327007,46.20872259012513,30.52947226557617,Normal
-0.11473644146689901,47.964196398976384,32.92206490236242,Normal
0.5049872789804571,44.18319086051356,39.88220292257743,Normal
0.8657551941701215,39.852432693071336,22.178791941444743,Normal
-1.2002964070557762,43.50722454933993,38.08606287484312,Normal
-0.3345012358409484,37.760597332377436,30.521779687616064,Normal
-0.4749453111609562,50.34083468259226,25.50607975838436,Normal
-0.6533292325737119,42.30026768941358,23.348431871305053,Normal
1.7654542402810969,52.33785911790748,29.054398046114834,Faulty
0.40498171096095553,34.44104353796373,34.6082505596223,Normal
-1.2608839543350452,53.30880232214457,29.362254398112327,Normal
0.9178619470547761,58.33528961608925,37.55577465123674,Normal
2.1221561970126332,30.062643574285445,22.744121549742204,Normal
1.0324652605511468,53.74056569847572,29.939555260769726,Normal
-1.5193699659540134,62.27668992473292,23.738032777934404,Normal
-0.48423407286625136,37.90358981308795,31.81815941312484,Normal
1.2669111491866227,66.72572386837703,34.4344369504865,Normal
-0.7076694656187807,54.190190093660455,27.896191031594732,Faulty
0.44381942814622843,42.949881442415915,16.97893071686433,Normal
0.7746340534293368,49.44230922342294,30.99474073398247,Normal
-0.926930471578083,55.58326912521722,32.18369275866755,Normal
-0.05952535606180008,50.760053914124114,32.02147377480849,Normal
-3.2412673400690726,55.387559924463694,36.17891095911077,Normal
-1.0243876413342898,40.79326406920634,24.644731601754756,Normal
-0.2525681513931603,51.69360824036078,33.40108052725225,Normal
-1.2477831819648495,35.8628550309502,35.962537562389876,Faulty
1.6324113039316352,48.887739386513,21.107062079967417,Normal
-1.4301413779606327,40.960923585352106,31.598259129594886,Normal
-0.44004448669698376,42.64470057410233,27.479100844961643,Normal
0.13074057728609134,62.36093175210438,29.59238663449177,Normal
1.4412732890661155,60.91310120594269,31.738382417691682,Normal
-1.4358621511794394,56.09138120907177,27.56385717943224,Normal
1.1631637521549596,39.07687235327421,26.62145960419194,Normal
0.010233061019587049,46.83591550305198,30.170762087440124,Normal
-0.9815086510479509,62.130976999791834,24.563770305685985,Normal
0.46210347426327075,51.417169136399046,24.570874355574073,Normal
0.19905969557347003,73.19329539981695,33.396866414782515,Normal
-0.6002168771587947,53.93317839394372,24.25602982420672,Normal
0.06980208499001891,51.92049116490031,33.331562504546056,Normal
-0.3853135968617602,46.908835357974986,32.31295646426975,Normal
0.11351734525124804,51.33540904782282,21.370966356047017,Normal
0.6621306745210467,48.47530163619456,26.612176738321725,Normal
1.586016816145352,57.0810867668859,35.97054701523686,Normal
-1.237815498826849,59.56702316794584,25.09417234430159,Normal
2.1330333746562666,42.140105394920504,27.677978688453063,Normal
-1.9520877995225019,36.68767046442222,32.31030446625948,Normal
-0.15178509503558332,31.637946268967035,33.91695254641298,Normal
0.5883172064845765,55.079913269125434,28.74230556977752,Normal
0.28099186773503265,38.966333938261265,27.01244902654179,Normal
-0.6226995198205938,28.47109407047517,37.11184930849254,Normal
-0.20812225035727522,53.885786045309644,38.6944983189879,Normal
-0.4930009346588328,74.9299951743279,34.89429025390898,Faulty
-0.5893647569442115,49.939290884601064,30.42659071282512,Normal
0.8496020970210246,58.38490774451642,25.95867139179537,Normal
0.35701548596504734,50.81829358547565,25.847777967217173,Normal
-0.6929095952606542,49.01110346808857,32.61257052632879,Normal
0.8995998754332507,59.190764829877686,32.091991104443416,Normal
0.30729952087660933,47.097254558113484,37.007992964732146,Normal
0.8128621188389601,52.673923140719026,33.25225046268069,Normal
0.6296288419236122,53.216978061960134,22.48459849120091,Normal
-0.8289950109220723,43.31909546356951,35.25973808861459,Normal
-0.5601810401969696,59.92042349536523,25.009696863427934,Normal
0.7472936051232618,48.25040243304591,28.08014364023824,Normal
0.6103702654334648,42.442548405071555,31.251001031258472,Normal
-0.020901593964148132,55.365098435704034,39.978337448919824,Faulty
0.117327383308782,41.015320182089624,45.549592780026806,Normal
1.277664895788425,50.281811573691286,33.03361529568092,Normal
-0.5915713888358299,49.90881003355796,29.084016906398062,Normal
0.5470973811700379,60.85895565831578,32.67252824240275,Normal
-0.20219265243389406,54.746982328799525,34.43827712936918,Normal
-0.2176812032272203,49.74973041254856,28.396661872214043,Normal
1.09877685198719,58.17766299200287,38.97605677956161,Normal
0.8254163489880298,63.90207549017313,31.15035379595701,Normal
0.8135096360006385,55.578103063518626,32.48871544545697,Normal
1.305478807154329,50.103526198433805,33.329621260272305,Faulty
0.02100384163275905,36.8816376764984,32.10793305307228,Normal
0.6819529712949639,39.348863369246274,34.194702502348065,Normal
-0.31026675659345604,46.94775295645332,26.913734067265384,Normal
0.3241663524884421,43.90487797840717,27.208491230269846,Normal
-0.13014305436768459,48.13028697014554,24.499228835141526,Normal
0.09699596499271819,50.56649924897107,32.19750615310113,Normal
0.5951570254369136,55.29692754356731,33.89468251756057,Faulty
-0.8182206832334725,49.29501221940909,32.28886433075943,Normal
2.0923872756854602,54.86501643826202,38.37246216673769,Normal
-1.006017381499702,50.6447441481012,29.97201990585477,Normal
-1.2141886127877322,30.245334336461287,33.34370827796256,Faulty
1.1581108735000678,40.606646061812455,24.54149561930343,Normal
0.7916626939629359,48.55912444278385,28.064501487627997,Normal
0.6241198170521551,37.90305257158892,33.47768878782889,Normal
0.6283455092642799,55.99928729996205,34.24551055371572,Normal
-0.012246772846914623,65.30750832343698,28.530165261679088,Normal
-0.8972543714858315,62.18761851697317,29.642003740709665,Normal
0.07580455819372633,47.86557129069792,22.410631266595953,Normal
-0.6771617115121117,64.90726136849952,28.214853995966955,Normal
0.9751197334177512,51.486674572021116,34.45191581759893,Normal
-0.14705738150213865,46.629140288819606,32.876025080532834,Normal
-0.8254971967925115,43.8659733645906,32.503328606906045,Normal
-0.32138584165299344,46.975303135118715,30.2488684359048,Normal
0.41293145427562433,46.118231814587716,30.03531579314088,Normal
-0.5637245528039747,51.70416222375488,26.698394302632764,Normal
-0.8222203955664315,51.60573981049865,33.49414210101267,Normal
0.2436872114919123,50.03046020153415,32.104864721946946,Normal
0.24496657110872277,54.369381697463496,32.46009423996399,Faulty
-0.5069431753711298,61.906462747863415,27.369825786662098,Normal
-0.4710383056183228,59.495541354413234,19.23328540064378,Normal
0.2320499373576363,35.151020315500965,35.485763558768475,Normal
-1.4480843414973241,24.46078865098045,27.605812719957978,Normal
-1.4074637743765552,59.34319911239274,25.686121179784397,Normal
-0.718444221252436,36.33121301584579,33.46739455956997,Normal
-0.21344715171184725,47.75234598107316,28.03993680040435,Normal
0.3109075655980046,38.298869739406406,35.29968192023311,Normal
1.475356216949552,31.9801956241998,33.08502974788349,Normal
0.8576596232020194,55.41462728204788,33.417846616002386,Normal
-0.1599385299634271,57.59155160302647,23.170221443997328,Normal
-0.01901620790268883,44.2348959927328,36.059719926932004,Normal
-1.0025293646378088,24.089577078550903,31.30625265616928,Normal
-0.01851313599238993,44.53755551747517,28.153614303768983,Faulty
-0.2886586389201383,53.91804005402547,30.716942336711256,Normal
0.3227185603380895,35.21088431225871,21.1188238355084,Normal
-0.827230943552323,51.83359919779156,32.043264057403356,Normal
0.5193465142411723,49.846901508270044,24.853142459089643,Normal
1.5327389130025777,55.792914996010886,23.23664857078233,Normal
-0.1087601484568576,51.19580368414153,22.388204068910547,Normal
0.40171172209894146,40.26931059118444,35.563441874949625,Normal
0.6901439917111125,61.965715016644914,26.853683031536058,Normal
-0.40122047188583626,48.4147042697303,37.6686385495825,Normal
0.22409248181041677,49.72695460490068,27.32099268473851,Normal
0.01259240078179486,40.667320409268044,21.463210212035264,Normal
0.09767609854883172,45.567177488084894,24.417377800256705,Normal
-0.7730097838554665,41.15197285973099,36.179058100034695,Faulty
0.024510174258942714,48.27053940076577,29.220509110316662,Normal
0.49799829124544975,67.11708480142343,27.258563517546996,Normal
1.4511436077950417,36.28098857068643,30.80009112926394,Normal
0.9592708260852069,33.86438602123259,32.50891368083772,Faulty
2.1531824575115563,64.71170327493608,35.5869940795123,Normal
-0.7673475628880495,47.90676322848134,37.24249614946463,Normal
0.8723206367206782,43.309272613400836,28.20115677105457,Normal
0.18334200573835174,60.39904687396076,23.36976156958981,Normal
2.1898029332176723,43.94384460263136,27.93267419438362,Normal
-0.8082982853551515,68.26009713546937,31.30140253291443,Normal
-0.8397218421807761,56.77925871339269,25.181205368946944,Normal
-0.5993926454440222,45.120885918542974,25.214245425524787,Normal
-2.123895724309807,71.57308213265503,31.718939407749428,Normal
-0.525755021680761,43.94285076996662,29.756738242147744,Normal
-0.759132661553698,57.42095372009307,30.163984977057932,Normal
0.15039378647620763,52.99292580406492,26.207523326499654,Normal
0.34175597577715944,63.01741289398798,28.847996428971165,Normal
1.8761708392158862,65.61511196726853,25.378834278658477,Normal
0.9504238381860503,50.320041490657665,34.450992055623935,Normal
-0.5769036556624031,42.46582129653817,35.17624667361876,Normal
-0.898414671348358,54.59972142939117,20.76906068880953,Normal
0.4919191715065057,43.22284630247894,25.35244569903795,Normal
-1.3202332070206422,70.13387247526623,22.517353724549604,Normal
1.8314587658543537,51.36535331082737,26.74988032796551,Normal
1.179440120721287,46.34678448687891,29.582810151048196,Normal
-0.4691756521047048,51.84680305864909,22.75177390150735,Normal
-1.7131345290908775,36.52873710470303,25.390700934373434,Normal
1.3538723741654128,40.28385961489349,24.980213139592507,Normal
-0.11453984525261789,62.00413907944426,31.03633664699472,Normal
1.2378163119734618,43.43105721028604,30.34672168518125,Normal
-1.594427658794367,39.5308901731806,26.391312233313734,Normal
-0.5993750229537729,55.36652752527286,30.88410436069699,Faulty
0.005243699718183166,61.85704154662997,27.266599577063673,Normal
0.046980593764742055,57.18953310665067,28.641724448369732,Normal
-0.45006547147924364,59.960476858058165,38.36726045149268,Normal
0.6228499323474987,42.43204911430539,36.70230525895174,Normal
-1.0676204293825944,35.78189333258156,23.502093815362013,Normal
-0.1423794850212935,65.01333651955487,34.14866208939587,Normal
0.12029563171189886,46.77320161157864,34.05698277245796,Normal
0.514438834058749,47.49166983544953,24.25868355623691,Normal
0.7116148780888898,63.281941418490575,34.0938882187743,Normal
-1.1246420918378692,55.5623000940066,37.68965959206277,Normal
-1.5341141707356223,54.55887772081608,24.38727596877793,Normal
1.277676821898509,71.65002344901083,25.412485894928682,Normal
0.33231401197959165,43.564817696198574,35.08830733421751,Normal
-0.7484865365565536,59.278401280812375,31.35747655412824,Normal
1.551151975522523,50.570131248970846,32.757381376197614,Normal
0.11567463429285867,52.68592278863257,31.702946082002484,Normal
1.1792971840638264,65.28468426412532,31.95347960464072,Normal
0.06751848141010895,55.07835756289624,23.367639358444585,Normal
2.060747924881987,55.38296079049633,35.23658853310724,Normal
1.7553408424432044,60.72507337309802,35.84794996213887,Normal
-0.2489641484790735,46.350472704571146,28.85304627965986,Normal
0.9715709509543554,41.607903326609936,29.78261525093069,Normal
0.6453759495851475,39.55190805978967,22.34446248722139,Normal
1.3686315575323487,30.33643410623998,32.57127378008917,Normal
-0.9649234605801045,70.56207129940321,32.86028720857072,Normal
0.6860514599984393,38.96791634278317,29.689044915003446,Normal
1.0584244868495878,47.78746376414228,35.621766799352514,Normal
-1.7587394864231143,47.23186700111079,28.329613845100297,Normal
-1.183258512665775,53.07406697809101,32.823029629468,Normal
-2.0392321777601006,58.15737212539297,24.901678306539424,Faulty
-0.26940683444455776,58.60473488359745,29.88223924562881,Normal
0.7175422557959623,44.16922561431062,29.12822871048582,Normal
1.502357052096028,48.32878286213589,31.12653961020471,Normal
0.07409478041977519,52.825799504882994,28.152365355833208,Normal
1.6286155455712918,47.51308873816453,29.34263702164166,Normal
-1.3801014582148914,66.07345576019992,34.13023585720753,Normal
-1.7033824393551547,54.90974951638251,27.81617881380891,Normal
-0.05554769889661878,57.348777860498174,21.967114496306603,Normal
0.3840654489393073,56.628812686674124,38.7479195210271,Normal
-0.03269474809409311,61.73473857485325,36.907270393452436,Normal
-2.0674421000398766,51.81021558703707,23.538686524471906,Normal
-0.08912003951278841,37.03168052044153,33.44853902622597,Faulty
-1.3044695005048532,53.996879517526416,27.485126147243285,Normal
0.6696725488300385,43.48643106208171,31.317436076655298,Normal
0.36659824609684827,44.713833182502434,31.47112064506747,Normal
-0.9398797863273552,55.863640187550935,28.82796099841839,Faulty
-0.5138669173366935,62.38283071433636,26.081171672068017,Normal
-1.0592135218889516,50.21271576736061,26.547294738418703,Normal
-0.06267909727317188,53.088330125989636,25.41904042259379,Normal
0.9551423205012383,67.02214944635239,25.840888958847778,Normal
-0.9857260463355437,52.407531794885685,29.664108549753223,Normal
0.5040465155178444,76.01683114180395,26.421200054446242,Normal
-0.5302576183724408,55.65509645631544,33.4102603285631,Faulty
-0.7928728322623442,32.39237240844182,37.436230776679636,Normal
-0.10703035995455783,57.53341621104533,27.099733793149785,Normal
-1.035242322419374,53.81158384882778,31.197022502676884,Normal
-0.553649305347182,62.897527540827454,32.49842555151467,Normal
-1.1978778925888485,56.73181351269958,32.360011354596374,Normal
1.9647251329163893,48.615440160162265,30.379776339580438,Normal
0.03526355197172861,37.757017637106344,33.71341209179861,Normal
-0.6997255079925856,47.90976742713975,32.41124476340329,Normal
0.213979910734222,41.494795457907,23.81168788836351,Normal
-0.11232804969082982,44.19476550195277,34.345780321946364,Normal
-0.22096959953322298,55.8857840442061,34.43645418633371,Normal
0.6141667000434252,66.69904504351406,26.183569479107092,Normal
0.7575077100473051,53.94671529822981,30.18968917723801,Faulty
-0.5305011476105275,38.04116937964815,33.416644964055344,Normal
-0.57581824064468,54.446026682201406,28.953430902103193,Faulty
-0.275051697151644,61.966314866456514,35.36489023883006,Normal
-2.301921164735585,43.90217095680618,41.8193624730968,Normal
-1.5151910621985523,48.65982833327082,26.070069836825088,Normal
1.3668742674445247,50.14688194729197,23.094776984231125,Normal
1.6449677135012837,42.151016869177596,31.51909297802438,Normal
-0.24903603955637832,56.48280433843859,33.60781252563072,Normal
0.5765569630557664,48.79051851392219,28.845668130776154,Normal
0.3112501545435361,54.195324439070276,37.266303316605175,Normal
3.0788808084552377,41.125078221978995,23.306971001383758,Normal
1.1195749114345768,45.62541699676589,33.46459311515805,Normal
-0.12791759148076653,57.22381357827771,26.970695896205534,Normal
-0.9555404406004258,46.27166847908233,38.59688953103648,Normal
-1.6064463202575725,67.26963851233405,39.962576765840595,Normal
0.2034636358672231,46.003638143853976,26.16671706108326,Normal
-0.7563507452843033,52.24684725751886,27.2522143204571,Normal
-1.4222537095976742,59.325908318730896,34.29793943489901,Normal
-0.6465728842425266,35.816342670669684,28.064346751052426,Normal
-1.081548003614395,32.39191188019224,29.77294391033881,Normal
1.6871416350725648,34.74343685429905,30.12694210271205,Normal
0.8816397569494505,62.62584103427182,20.40163421901172,Normal
-0.007972641316617372,44.481418541075534,29.930811269528814,Normal
1.4799441388900259,75.58199285668252,26.55136112967913,Faulty
0.0773683076476183,44.357524013426115,27.53438588800114,Normal
-0.8612842013282637,51.84551303197037,37.21816001734407,Normal
1.5231240772696573,65.42109952567876,23.717465528603718,Normal
0.5389100436846587,70.06092888159122,34.06602593373989,Normal
-1.0372461543264564,70.61503576636397,28.605185348340957,Normal
-0.1903386780836082,62.083662305931426,28.601199157520828,Normal
-0.8756182533847572,60.240625258114626,33.951859480258555,Normal
-1.382799730964336,55.92526949201183,31.70025647284445,Faulty
0.9261775475316414,57.78361076166638,32.85306498609766,Normal
1.9094166404701305,44.488142836714665,34.84092330266431,Normal
-1.3985675738191412,41.81801116577693,28.343458084083387,Normal
0.5629692366905709,49.96625542589048,26.938816327461247,Normal
-0.6506425691218269,48.298153774750716,24.574247367211008,Normal
-0.48712538376469605,45.46771950672725,25.872947350105225,Normal
-0.5923939242388692,56.963874474567156,44.745472126543625,Normal
-0.863990769679816,59.553052085705104,36.22339790368393,Normal
0.04852162794482699,50.884068862918475,23.244628168959892,Normal
-0.8309501164110378,64.77530081055262,23.38771021628215,Faulty
0.2704568257798388,38.58310885866495,32.40933030859246,Normal
-0.05023810944913695,48.06340540720282,32.736323986889836,Normal
-0.23894804686640975,42.831776793971954,32.744419176586824,Faulty
-0.9075636620415979,31.3346338292694,28.72522103223151,Normal
-0.5767713305683327,49.17319314157301,29.372728699985498,Normal
0.755391225825756,48.78252491616716,31.639397620796785,Normal
0.5009171876243808,65.13449743242131,30.429465031466652,Normal
-0.977555244798551,56.30811684554777,18.903498136262325,Normal
0.09933230542922587,39.758131756707954,28.85100184712403,Normal
0.751387123371789,68.54092566334188,25.742967828698433,Faulty
-1.6694052811213718,62.21033695525353,30.87605709454256,Normal
0.543360192379935,55.82097703468616,44.926295013017054,Normal
-0.6626237589458467,47.73515901150168,31.83740832737152,Normal
0.5705986685931593,40.405607632765204,28.43235156913801,Faulty
-0.7632591565425169,46.27793223928947,34.60900750988626,Normal
-1.804882100664519,60.88748619704186,32.41343943604606,Faulty
-1.6275424378831627,68.84586305934609,32.100472452259204,Normal
0.048084946661381994,65.43243528272188,33.034252966078355,Normal
0.25972250172148187,45.11150578213726,40.28271782414771,Normal
-0.9043166251044086,38.80382566710989,24.34555782337042,Normal
0.6385924587773739,51.40886246911204,32.36816038405727,Normal
-1.6615200622689599,32.31560634437149,25.368094350092306,Normal
-0.06607979864731657,53.23167714184781,32.77756323171124,Normal
-1.2110161997624567,48.52397413701331,25.40656744256953,Normal
-0.6518361078021592,45.33963498131758,27.91316593197458,Normal
0.047398671316414016,34.05296932733204,28.524550428810468,Faulty
-0.8604133652839524,55.136001065697165,34.87908359672355,Normal
-0.38455554422982535,44.672991603380886,34.59227221971207,Normal
1.0062928092144405,38.30083164289712,23.771413117768077,Normal
-0.5768918695231487,21.277377867183507,30.274670554999243,Normal
0.8356921120651418,49.724850949493636,26.452100726254137,Normal
-1.129706854657618,67.72251596669744,23.707475446623327,Normal
0.5298041779152828,66.6125921454787,28.914914747878147,Normal
1.4415686206579004,45.429037434137285,28.457586057720903,Normal
-2.4716445001272893,43.97787939638219,42.13358243172761,Normal
-0.7968952554704768,54.68774256075024,32.16479912680348,Normal
0.57707212718054,40.016145608117085,23.111912496228815,Normal
-0.2030453860429927,53.01791899819466,27.176129979145287,Normal
0.37114587337130883,57.660802783846904,35.106916477146996,Normal
-0.6039851867158206,62.26933223884308,40.442213864349625,Normal
0.08658978747289992,48.99845923520047,22.070083438810208,Normal
-0.15567723539207948,47.96326249823034,20.600378074304775,Faulty
1.1677820616598074,41.22017413243439,39.35482587685891,Normal
0.2544208433012131,41.7311964596014,31.94807088685452,Normal
0.3376026620752022,47.73521108098473,25.65853634061817,Normal
-0.4118769661224674,53.67365506816178,32.67314543061217,Normal
-0.48760622407249354,59.13584626233249,16.82126130491561,Normal
-0.4325581878196209,41.96821049319655,30.016877532985806,Normal
0.39445214237829684,64.92688568959522,31.639105864215427,Normal
-0.42098448082026296,47.28876398957431,34.62135069768915,Normal
0.2897748568964129,49.78632705651564,24.930520238537312,Normal
2.075400798645439,42.527883208521764,30.428435807016797,Normal
0.8711247034316923,25.757597397270583,25.37287686970206,Normal
-0.32602353216784113,58.8404539636105,31.276918778371584,Normal
1.2012139221639448,57.36843897092433,25.52326838818488,Normal
-0.4080753730215514,47.18672442881787,27.959495804198898,Normal
-2.038124535177854,50.66990717224872,25.020923026048855,Normal
-1.008086310917404,55.15939217704099,33.255681209118286,Normal
-1.8707919210258557,34.374541431134574,34.29225558328333,Normal
-0.35151348404130867,44.70947322653705,28.826897150212933,Normal
0.0184183791895517,57.94264679621827,30.191189974800142,Normal
1.6764373122752827,37.45710576830751,22.75704292683228,Normal
0.32692737376416264,52.935579321666296,28.501616759966065,Normal
-0.21910052880886424,36.43418195376595,29.748976914791275,Normal
0.8294055811834892,54.66429982433527,43.103965455149876,Normal
-2.211135309007885,49.643585177025166,24.440164871129184,Normal
0.23561455810856594,33.848681840944906,37.320886193762185,Normal
0.7708651938869668,61.64739354457171,34.98429386732904,Normal
-1.4785862457798415,42.65408423201951,31.403182022450682,Normal
1.143754043206929,41.89747562985619,38.79310242097567,Normal
0.3384964074944141,52.00569197230943,31.860527363034315,Normal
-0.4152879139008013,61.48637349428715,31.945795978339643,Normal
0.6327818661062848,39.841781810216034,29.734396734912274,Normal
2.270692857804396,50.61679849847972,36.117844412093135,Normal
0.18186625505849516,54.28816500330573,35.482346169054416,Faulty
0.24822058630033608,56.93105607263144,26.871613562518938,Normal
-0.4593608995402441,51.76441555277225,23.40376402700616,Normal
-0.8498443694647918,46.329721609166775,28.985096813021716,Normal
0.8303358165442456,41.724097793512804,25.999807178011768,Normal
-0.8560838259088672,50.86143883046375,29.682377126923225,Normal
0.07156623721939247,39.27860988014393,36.187190673420695,Normal
-0.4776574467651167,20.78649516505393,27.71349172456605,Normal
0.47897982574639186,54.365598041576675,29.785883093442127,Faulty
0.3336621052869483,59.039348410861955,30.290113674041976,Normal
1.0375399442578992,26.370675644581617,34.24215441102642,Normal
-0.510016398854747,39.90269295290062,18.765553330076976,Normal
-0.26987493529337125,56.191542610051975,26.966498526173517,Normal
-0.9787637157823074,70.574954697117,31.056418461397364,Normal
-0.4442932600761116,50.20793707675408,36.00039478213431,Normal
0.3773004930448522,42.71997058770866,27.540487762468974,Normal
0.7569886166453519,48.1710355889516,20.61723646979063,Normal
-0.9221653241776254,63.74876419148185,33.09855722983068,Normal
0.8696059201056602,43.54035820875465,26.823188055871853,Faulty
1.355637858804951,42.00807993349746,24.051666704548193,Normal
0.41343490322370086,45.17256477817968,26.87827305143388,Faulty
1.876795812558066,40.466713917412875,29.07737321172075,Normal
-0.773789199103573,51.22670315994795,26.976276677308938,Normal
-1.244654703311417,66.2467845846956,18.972169714504652,Normal
-1.7787202489042786,53.23079273116029,34.48533098443566,Normal
1.496044311489183,47.47646497873713,36.37437520639361,Normal
0.6543656563540577,47.08188731084456,33.25760995669753,Normal
-0.05558467091045507,34.36809191303343,24.311571647875915,Normal
0.2799686263198203,58.83109777147159,28.99254233026241,Normal
-1.1254890472983765,49.22162802987198,29.96739342385271,Normal
2.4457519796168263,48.19520086409374,32.99397194780955,Normal
0.1292211819752275,81.93107567844861,33.34170244359041,Normal
0.10939479460489289,52.98752908365686,26.32913100610752,Normal
0.725766623898692,42.48208949904816,30.409977782067802,Normal
0.4810092317367132,45.736424037944566,32.28640202307621,Normal
0.22388402427913137,61.48445709196755,37.279111610733835,Faulty
-0.7904744554453119,51.13270410537764,33.522532699123616,Normal
0.4714683571359957,35.61722021682633,33.945283436877595,Normal
1.8820244964750337,59.19228934575204,30.419133139646803,Normal
1.3454200461549777,43.31855914461006,37.05229572601752,Normal
1.593186626639397,68.73297776217545,32.04881397979749,Normal
-0.5112156764311852,60.80048065714649,25.694560449132148,Normal
-0.9896048202585809,45.52678104341249,37.01684985062595,Normal
-0.12578692009964815,62.81016361735113,33.48951636269514,Normal
0.055724912288694604,50.678555105274036,27.784779894357587,Normal
1.0941915184709485,58.52773675122219,27.602535163003783,Normal
-1.6924646297148194,54.84732817294475,31.48287772570381,Normal
1.5295503194606137,41.536433450091266,32.31592397633792,Faulty
-0.15800789857898942,43.56450167682538,30.986461328156032,Normal
-0.42688106994742003,60.29960817581161,31.556543367214424,Normal
-1.0121043752601675,46.65224667893459,38.4997868728819,Normal
-1.6548566718657693,45.96351536758003,35.35771576117443,Normal
0.8231705839619146,40.44877420650647,30.95317795632512,Faulty
0.07331796718840389,54.235990655934614,34.70655290383742,Normal
-1.2899608997410539,70.62524919243145,24.837380482362303,Normal
-1.295078772063616,39.32467085745727,31.989635249734043,Normal
-0.3357846992901282,50.24219456672758,39.04653174866555,Normal
1.669021525289393,64.12220555415429,28.90977052303813,Normal
-0.2595913513636048,49.203586087542845,25.761830356904575,Normal
-1.5031429531181062,54.52371796249734,26.7395555570347,Faulty
-0.24574306408594432,39.376064718531204,24.55183481328806,Normal
-0.2727235697476705,54.28307097207649,26.076190459361484,Normal
-2.6968866429415717,48.12855734995451,28.147459507049856,Normal
-0.05429486651781221,59.85729995679863,22.97216490410679,Normal
-0.23093453020867796,61.87386051564751,30.078091669748016,Normal
0.6962063648134184,75.89563642018614,34.51138586893324,Normal
1.8489560949453452,55.796331732135755,25.4612190992654,Normal
1.1265650295477574,53.257963165821664,37.59641961820884,Normal
-0.26888869055483056,51.94384301577336,32.55396044263797,Normal
-1.1065259087416703,46.46833707189312,35.152902928120284,Normal
2.5733598032498604,53.38483843461691,26.710827230739316,Normal
0.05921843401448826,47.04598589860971,34.27262613533308,Normal
0.013929291912946203,51.68460976269614,24.540330498023437,Normal
-0.024125087110003277,63.1759753560796,34.451237504182544,Normal
0.19808476076785494,39.934574347203586,30.859196698967658,Normal
-0.14436041192394247,61.39878561129045,32.76625609992392,Normal
-0.5736620068802363,63.17115067339866,24.12202697187574,Faulty
-0.5468589412403921,48.81931473008921,25.524650788616977,Normal
-0.03275327021599839,28.781451009914054,32.98614109126692,Normal
-0.543424771133765,43.921780129055676,25.258259978878996,Normal
-0.7128457826771644,62.96994546561109,32.316031460495616,Normal
0.10643022769189683,49.77131937701118,23.16431096769877,Normal
-0.2549772174208553,40.00697767705089,34.240871063333344,Faulty
1.5039929885826886,44.95225078771782,23.837383426157455,Normal
-2.650969808393012,58.40620026504553,32.76149968839761,Faulty
1.0915068519224618,55.4673356820138,33.12815466823,Faulty
1.246085192497629,47.61067900830306,26.516140907852126,Normal
-2.0733902324081495,46.33175588185313,32.91013283542363,Normal
-0.34268759408034877,46.08241850956178,31.30221131666778,Normal
-0.37144086599579146,40.77589815501497,27.30579071903631,Normal
-1.4075116947178212,66.15375689469442,24.95722657961896,Normal
-0.7778166875908753,46.7767953078866,20.186871541637103,Normal
-1.1105758454658288,62.17158520825497,31.748250236498468,Normal
1.7522704434236227,65.21316051922452,22.175986143189725,Normal
0.9356783931474612,59.9831089814796,30.47672099720654,Normal
1.2715550949941588,45.683796872819514,28.682758919588753,Normal
0.7216720640432351,54.037300903366095,33.39571387719098,Normal
-1.1290517712172292,49.758043936090836,28.48977250255068,Normal
-0.5245202662797737,40.96298139269872,28.35276106826454,Normal
0.48937456122791806,53.24359281721603,33.659353521441474,Normal
-1.2221278088919454,38.20960208840198,31.675290145420586,Normal
0.7129984301723881,61.87679388461564,31.58077978591389,Normal
-0.24032539815813503,45.35382702701607,32.346337949042635,Normal
-0.3748208075495975,52.01159655872839,22.32213938396447,Normal
0.7109599682034915,52.83287871546142,33.78394339993491,Normal
0.44426331148603976,47.410950262959226,33.062343970068014,Normal
-0.3609661658190799,55.86693801475275,24.916584357117515,Normal
1.159329803364248,45.25096343377476,28.779597631628995,Normal
-1.0810633275998973,58.71297297457244,29.803463561861843,Normal
0.6159356069442637,36.54020319753251,29.327516077991337,Normal
0.5931012579683838,51.26379579546412,31.669299832842672,Normal
-0.3095464393139903,69.38928999058285,37.15683390915592,Normal
0.326133022242118,39.99668675394425,35.40883363836414,Normal
-1.251113576385303,43.222550294751485,23.43890403284297,Normal
0.924027019206901,55.13907849658915,33.110349951530246,Normal
-0.18490213644298903,51.79581781939598,36.644666597677045,Normal
-0.5227230205190395,53.50630099273559,31.934042603446013,Normal
1.0490092258368893,54.891871301476634,35.454902125929834,Normal
-0.7043436905427592,56.3472146856177,40.06135222850382,Normal
-1.4084612963635597,61.09699841956223,35.11854773053491,Normal
-1.5566291735239037,54.098186569285126,31.246542978208645,Normal
0.6060099513456396,47.58742345381457,35.225442370423764,Normal
-1.280429352496283,56.72573701202731,30.724439165484455,Normal
1.7547941819843647,68.99881934895215,30.119515216424777,Faulty
-2.081929407883722,48.67366253617426,28.242928821431338,Normal
1.6964563682900382,40.254706953293585,37.81706679416054,Normal
0.2110174672026184,61.07080669286972,25.907856670289995,Normal
-0.09671311187039239,48.796188360464015,37.66183862339058,Normal
-0.5449190868089497,28.273304539859637,32.49932061870186,Normal
0.39913611435207086,58.47421677150422,23.003469125990293,Normal
-0.037634702424848364,44.64671814046077,31.83824646495711,Normal
1.1033018820165215,49.094667176958396,19.49986746174188,Normal
0.11422764866203965,53.319803305690144,33.12754008415518,Normal
0.1503017614618776,51.904996797790666,34.42615741494495,Normal
-0.36361221221385587,57.0945181713904,27.03822022173973,Normal
-0.056945623721067457,45.645136294301565,30.617738479777913,Normal
0.3078017688920592,55.131057981760826,39.77078716875143,Normal
-1.7101683926566256,47.40453322416083,27.471266478690318,Normal
-1.348185422105713,57.38810480887503,24.705462064716997,Normal
0.743264094022715,56.153674840130535,37.40831701231299,Normal
0.17086543812794186,40.645612979554045,39.81293595265397,Normal
-0.18398333635267913,60.85982116175032,30.018478359239236,Faulty
0.01843393306539316,44.64036554885952,35.05731517704178,Normal
0.34758170536167105,58.08057798281145,36.70737957765441,Normal
-0.5397596803093615,53.67287313401341,26.28757883730808,Normal
-0.7783047254023127,68.38183676795123,27.57347082316066,Normal
0.19584525509768155,47.76534017628148,36.15437256577368,Normal
-0.978372777615032,46.506832038818025,38.425071393542545,Normal
0.40825275571447184,49.805803941122676,32.81440430087177,Normal
-1.7025836042378404,46.968202171657246,25.60092823248973,Normal
1.0291556373256436,57.9994190194205,39.935305558497205,Normal
0.472597482413043,33.83689391563412,27.345145510940178,Normal
0.25602973431387566,39.46317580853646,28.32431109414274,Normal
0.9826909839455139,39.32197078420807,31.711689172448107,Normal
1.6654744444625766,59.50307591973576,37.77080210357387,Normal
1.0143700650181304,67.10613372581925,34.26987988276112,Normal
-1.8408742313316453,48.955507814625285,32.07432750180955,Normal
-1.2795769667357015,48.311782768099896,32.31644265059053,Normal
-0.6248185776956788,50.700521631131814,30.21757334321733,Normal
0.026091050210833786,61.61878302608191,32.790697572592535,Normal
0.517659020469123,40.72646865809426,17.352199611528484,Normal
-0.7257438131534656,52.38368982734785,28.516962704651007,Normal
0.18676676447707832,59.7519762978243,31.206609674583905,Normal
-0.7553829323533225,55.01094169939845,24.244929581902465,Normal
-0.6115178029919482,51.89581616598743,31.9316165890578,Faulty
-1.4066610968482223,60.01046092567141,28.97764389506939,Normal
-0.9232332461109043,22.96767707000763,38.77737849157745,Normal
-1.3516846056163336,56.77875319530908,37.865098626074285,Normal
-0.9758732529773327,43.45924316872576,27.670972154409185,Normal
1.0536417966078395,31.693671031435432,29.245811442166524,Normal
-0.949398888831943,55.11202599524981,29.630262171958037,Normal
2.632382064837391,63.73658545162958,27.741702619201888,Normal
0.4933179008808892,48.62551485372308,30.975124920140633,Faulty
0.1848361236948739,59.528745472029385,26.20858965556205,Faulty
-0.8583577801812136,66.12278257988646,24.346923325312368,Normal
0.7003098794089914,63.14914453584048,33.11355611950134,Normal
-0.5756378262377739,66.39964529371393,33.147647921109055,Normal
0.12200981464536144,57.42127491071892,25.978421201700037,Normal
2.5600845382687947,50.754336389015926,34.476777153812996,Normal
-0.09605989972464987,33.980341881028316,26.842111354173344,Normal
1.1492733262856758,47.53937511870051,31.265826190189905,Normal
-0.7031764251258874,41.567534046838084,34.10172006306228,Normal
-0.0349884904969617,71.70942717497815,29.831937176481436,Normal
1.77080063563551,48.24114187567663,32.273704560705674,Normal
-0.6269670577877674,51.23204806784486,27.417851780562142,Normal
1.8124485579969287,55.51485376040468,29.017667082859514,Normal
0.7077519354554754,50.436024463724536,28.970702845598296,Normal
-0.5624667758942676,66.95051040430752,26.267108267298806,Normal
0.632407739055521,43.77350638265548,29.11612918442109,Normal
0.9725544496267299,51.94607455237243,22.256908505681267,Normal
0.6218099622171964,42.57529414301952,27.544231264289476,Normal
-1.5702247198904564,36.79977488779294,28.575622533151645,Normal
-0.7271371758248686,43.882309090947146,28.7191012375231,Faulty
-0.24751863555150475,49.62963202951588,28.792512770646105,Normal
-0.07443342910004629,45.7069777548274,29.691179000699357,Faulty
0.620672097550678,43.07579020126144,32.39720759043032,Normal
0.17770100093325383,35.93682536328166,34.37258537066261,Normal
-1.3353443587101013,49.16894427371305,26.751173865758666,Normal
0.3801978510059632,34.952796259689975,23.983995723054278,Normal
0.6105857452838231,57.60055963689602,24.789777938784486,Faulty
0.5597904479310398,50.824397529345035,27.563985394025366,Normal
1.0807807255546218,35.4244850053507,28.240393410917456,Normal
0.8339221545489041,46.907909229501364,26.150019669012714,Normal
0.4591800792284367,42.478435944094166,23.519416678750527,Normal
-0.07016571145864703,53.1917451041918,27.71939586262906,Normal
-1.6609609335159914,63.40450446023144,30.907133100569858,Normal
0.42961821913258585,31.248275303542556,32.97514732917782,Normal
0.20768768716311115,51.150260791474174,27.212884734458395,Normal
0.27157883719537346,48.398672044333594,27.93501088928283,Normal
-1.2767485758203094,56.713400764504655,25.366508455763444,Normal
-1.0810565404082624,52.131966282376894,29.842804148126117,Normal
1.0531528533329035,42.48030668261181,25.757856829045927,Normal
-0.03955515385665504,46.80946064333382,32.865639066206,Normal
0.6815006973726244,42.03974143196511,21.070667540329445,Normal
0.028318376130461172,60.76007138598598,28.20185163773769,Normal
0.02975613949574519,50.21311648671942,31.50553669595871,Normal
0.9382838059759977,69.01190685753008,30.91917258161252,Faulty
-0.5160447282173739,49.39339186185379,43.46516831990248,Normal
0.09612077694098337,42.91593233089537,31.749000122839536,Normal
-0.4622752887050425,34.862856073871725,24.979727015789948,Normal
-0.4344962274323156,31.96860323744055,29.522678764554634,Normal
-0.30917212346863937,34.158640569945106,21.11876833266774,Normal
0.22213377163371284,52.67126651011483,29.597001253516197,Faulty
-0.4787486216634773,55.08725023229934,25.834719714996208,Normal
1.2557561255735208,34.188092979678665,34.57695137780081,Normal
-0.8946073022195039,58.950383140761154,27.252298627022327,Normal
-0.18687164416135904,45.1693894831656,29.416170421023768,Normal
-0.4397310582741749,51.467930119855495,26.822210792977984,Normal
1.4469778843537329,66.12220628255425,38.69425675926666,Normal
0.19655477651157463,58.96839315865532,28.39378616941044,Normal
1.0318445394686349,47.314693520941674,39.16278521739601,Normal
-1.485560373036972,41.08807774584713,34.07075881059133,Normal
0.26705026586925884,28.48184598670695,32.41033363667693,Normal
0.889630795623437,42.8084668075758,31.8436657365876,Normal
0.08228398927542419,47.88869761172305,31.968986491081257,Normal
1.0654803750653512,40.12820472848816,20.36163710327195,Normal
-0.5172884501003722,48.68743032907695,28.60558302924622,Normal
1.40934744018558,50.768518829587684,34.225789855921604,Normal
2.2988981236192503,47.751440181919214,29.75551408262947,Faulty
-0.36283856043965906,43.4999741917654,22.974050765982124,Normal
-0.4455025214007718,51.68654671966728,29.73797774711265,Normal
1.453384477117701,54.41940649569409,38.520527581277456,Normal
1.5795721457307124,39.096009225571535,36.2344585776736,Normal
-0.5228600271532683,64.10932379746271,29.689979953169843,Normal
-0.42018681709585726,49.014118677157384,34.75724638529043,Normal
-0.2817846088605072,50.188496229448475,28.16746489815974,Normal
-1.344450511034277,57.08214423256557,21.480642065866405,Normal
-0.9186519464841982,52.332161312635016,25.377670059352226,Normal
-1.0041407667520679,59.53136633913245,37.81444384254099,Normal
-0.7677975651041284,52.87124165201824,28.63003459085348,Faulty
-0.03468488738678118,43.87562625359562,28.78308010312491,Normal
0.23421473253652075,53.61503525206102,28.500809018625596,Normal
1.5505004928140769,38.56273792679338,39.52068294786503,Normal
-0.998354040738791,51.085597057765234,38.12979457681031,Normal
0.9843223984765838,49.66770009355539,41.09390116724067,Faulty
-0.21398884422550896,47.918831427274604,29.204773947999744,Normal
-0.04946370965243295,48.71462488561069,31.478122443735476,Normal
0.6748194921666038,31.18150954502361,22.416787252896043,Normal
-1.1227220215622986,44.512750922590385,37.38467213059137,Normal
0.3824097461840506,50.928449011411146,24.161102243660324,Normal
0.1664522082130561,51.598563919974005,31.083877818813146,Normal
0.4924512640081491,39.72324859074042,24.51348736183578,Normal
0.2891686439078181,62.65707840864701,27.05566586630652,Normal
2.4553001399108942,41.33825151785499,25.8136878447515,Normal
-0.637739984251316,59.69457200526737,26.96062369662091,Normal
-0.5309969550018176,54.27194361871685,27.304386484255108,Normal
-0.6231405264247644,43.53772690156197,27.258656025374613,Normal
-0.5554771191602547,67.75310892609512,34.16666955890153,Normal
-0.6373871273065177,38.0636316824352,24.4756860346874,Normal
1.1890165311075518,59.191541736100014,31.102707135069334,Normal
1.4205042479898549,60.005823180429786,36.089795761527796,Normal
-0.5707462937494763,43.293797909233554,27.43401817743302,Normal
-0.8323555731042287,63.92465300064329,26.41040554626199,Normal
0.4714155563864041,47.49953485401047,28.847376874098746,Normal
-0.5522230442809712,52.88693629279857,35.89862604180355,Normal
0.6329318177555108,52.603218387712204,30.97053815476679,Normal
0.2029230208512997,48.65691258529452,27.343928526962006,Normal
-1.515744114997232,58.10808273159782,32.4193832559402,Normal
1.5475052013300616,57.93488720552213,24.488539250817883,Normal
1.7958776730955217,32.51468026761819,33.40679755221474,Normal
-0.6127886904843862,63.043402428781526,32.04303653850884,Normal
-0.38770155993598415,33.37508011964326,28.46095764430558,Normal
0.28586539072490497,60.32546204341657,25.807071007763845,Normal
0.334456789987025,61.26705136827583,25.566595388582712,Normal
0.6585442726728304,39.09033569784802,32.67408668172955,Normal
2.0102045387663496,45.891857120454155,36.14490251244531,Normal
-0.1769472274940494,38.94295331514064,26.813461264856027,Normal
-0.7982972445384537,47.850789697112646,32.29193351775742,Normal
-1.3793192280145272,46.919657158142584,19.564864906989655,Normal
-0.7309300399419191,57.796605322693395,27.076911346714002,Normal
-0.033126972873797095,63.10308746119608,29.84470533564549,Normal
1.7945578635177877,63.95683810789956,25.45158291509083,Faulty
-0.5176112990361714,44.37831973421698,25.31746812605202,Normal
0.2237879516388985,47.90778126255472,26.661102217655568,Normal
-0.016422896072752075,33.1656180777905,31.460963641631867,Normal
1.188393273448084,41.94129933503811,29.063354907968126,Normal
2.5269324258736217,59.64851633097457,18.80884383337514,Faulty
-0.5308687729203206,66.15582823548232,19.396499236824667,Normal
-0.48943944251822213,37.65651128120078,26.965674110714122,Normal
1.044160877069072,44.075357408471056,32.28843293026776,Normal
0.6818914896263114,49.73594243041073,16.262475786373827,Normal
1.8467073257360336,52.80161158819607,27.501349119241848,Normal
0.5839281853259639,41.90396480078354,27.368760717412894,Normal
-0.35929209078705954,54.24061044464089,36.94168889104224,Faulty
0.5906548306923093,45.26160652929084,28.074890941435683,Normal
1.1087035805829077,49.855477291217206,31.914944923704642,Normal
0.820482181197364,55.462842480037,30.706285700437316,Normal
0.5072740311072977,50.064222698109376,19.347167600964,Normal
1.066674689589154,45.63614109473431,33.841036083158684,Normal
1.1692955904456728,48.90390196074169,31.07698252728144,Normal
1.3821589910375272,49.11637040794665,32.54134319837295,Normal
0.6487098875896427,46.29988970117872,49.63118853218163,Normal
-0.16711808031685435,47.41203937332897,19.579435302507058,Normal
0.14671368643332283,65.98647170504717,38.62348324880554,Faulty
1.2065089665083568,55.60919447941239,28.56276240299822,Normal
-0.8169356709872361,47.045196819708394,31.436644522015047,Normal
0.3686733088729012,56.969544045107355,29.77243877349379,Normal
-0.3933388123273607,46.6618051024399,27.878818333009782,Normal
0.028744822934817487,61.73124637586641,27.150835358806205,Normal
1.2784518626072987,53.69642192198094,31.647543677865045,Normal
0.19109906801990334,48.92697855995771,22.414131516641604,Normal
0.04643654815614881,54.477169258102776,33.752895837608826,Normal
-1.3598561409799192,34.291238479315005,27.91902797557373,Normal
0.7462535660272207,38.73232531090195,24.34965330479821,Normal
0.6454841811410754,38.060749936009444,27.74993571002093,Normal
2.16325472330546,51.429430947637066,36.28574608431286,Normal
-0.30777823495300083,67.32514999485092,27.323324564918885,Normal
0.21915032766393897,72.31300146192632,31.7922680910481,Normal
0.24938368371075526,56.380511014407574,26.34521862142263,Normal
1.5774532797634744,55.00844474944457,33.789609249618096,Normal
-0.0952955323869521,31.98942265847261,33.42753869395102,Normal
0.27902152577033923,44.57326200265978,39.24304416648206,Faulty
0.6078965097165392,42.12216248091761,29.122180272503922,Normal
0.1866091231563581,43.79152401748884,33.34327402378953,Faulty
-0.44643361455052827,48.318561814152105,30.490337697694724,Normal
0.19408999289830758,45.27909422302873,36.479358909315074,Normal
1.073631749859772,30.207001896242122,26.40583806195635,Normal
-1.0265152994110602,57.47910256117534,33.725026564386404,Normal
0.132969674146876,39.27256974260193,29.026513519416593,Normal
-0.7001208149391732,52.39246864111149,29.679059114457512,Normal
1.1950466289248425,70.74082669749973,30.458762422241865,Faulty
-1.5231869047837747,40.80615408413577,31.261201982133386,Normal
-0.5589218472715883,24.697124772536704,29.41885478439021,Normal
0.37721187506452086,47.139957781198895,31.073565915852633,Normal
1.5655240292343404,61.00959634998571,37.89059028781092,Normal
-0.0657502610729878,69.58347454220593,34.92724842807609,Normal
-0.5551995266931984,37.70450405547583,34.34577296248448,Normal
1.8811570694405901,54.966992232365214,27.722302369880648,Faulty
-1.448013900416244,45.34689543219947,25.55379585885838,Normal
-2.198805956620082,48.94051645695864,34.77650279118876,Normal
0.4400144500533324,76.44343347017035,34.38023396264897,Normal
-0.5020542243526112,34.970296716048466,37.36335337875491,Normal
-1.0212328171307132,52.537396614945735,26.98009687015385,Normal
0.7083564472993533,54.676931717654334,28.852256723198266,Normal
0.24380071377119883,60.857863249393475,21.802579187372828,Normal
-0.5640786307367284,50.97983153470896,28.037644469695636,Normal
-1.2803043986708944,53.08050539504102,34.982852552897235,Normal
0.8724573282801447,46.08351432578209,27.66752310385901,Faulty
0.650201177958661,52.69126941245107,33.20239897600412,Normal
-0.09917586377938291,46.5680772450259,29.047484470010943,Normal
1.8466369960476658,56.21571889856051,31.620285141107804,Normal
-1.0700847663261526,46.30389663956366,24.261543050921663,Normal
-1.5255251709247388,53.77100393902187,30.426047248169507,Normal
-0.6919080698812444,49.707371863150215,15.044320145496384,Normal
-0.045586016355497805,61.26050250772168,29.065519209190075,Normal
0.24333944932269183,49.48606276411514,21.8476337814243,Normal
-0.24123605785632987,32.26967531793119,36.02997258273408,Normal
0.3520553965142968,62.619215007139914,33.88703676382256,Normal
-1.251539424190444,40.94267699137381,32.333354909830405,Normal
1.4437646040732595,43.4623366135118,37.6050311357969,Normal
-0.0821511783925688,44.04338705956508,25.255417395875813,Normal
1.1172958315881276,63.74438093170817,38.73681598957779,Normal
0.34272534637770413,28.643257860213044,34.66095782130192,Normal
0.4567532191537839,81.37748533659993,28.81722356390527,Faulty
0.5697672802322039,60.56056809066052,35.67810073591472,Normal
0.44770856001731496,52.2323891412916,24.46853243794183,Faulty
0.6427227598675439,49.451059993837134,25.87742919236163,Normal
1.3291525301324314,52.85554074857657,26.9570513838015,Normal
0.19652116970147013,55.211224283793385,27.355111459679925,Normal
0.7090037575885123,56.45215585950057,24.717211786198735,Faulty
-0.08973569428722672,55.55604466003449,36.11541533547663,Normal
1.4401172154494728,50.895806812552486,28.70572799815084,Normal
-0.6763923020592697,48.02661579692674,31.762524841784398,Normal
1.8009404329108156,48.487267163464885,27.148243167931597,Normal
-0.04015795064434341,48.05091719647319,20.896983497257416,Normal
-1.4307751021180481,61.337700968670646,31.35028679195711,Normal
0.12810441491078928,55.935567222808615,20.438725122901115,Normal
-0.6810516574748808,20.596113653357197,29.656829769572656,Normal
0.8406435489887241,56.55900776529761,23.15842480583595,Normal
-0.6526239793023909,51.94736194718775,39.93637999615404,Normal
-0.4461834332147797,49.81291243554102,34.55681361087361,Normal
-1.889540730945531,46.11481546911114,30.528768956357403,Normal
-0.4523063192490767,61.24112719986013,36.318533388273345,Normal
-2.4238793266289567,59.475264621228575,25.768420112671322,Normal
-1.5839028234857233,42.27122332176391,32.71739689335047,Normal
0.7604146561442974,54.07052287124535,30.99905216859357,Normal
0.7858001586508322,40.28343265458714,31.32010040666835,Normal
0.42545756178496474,36.203818352110694,36.36176750053384,Normal
-0.966976143129213,43.73282775410035,33.66246051389901,Normal
-0.047711356141979855,58.62393472382759,31.443618314125118,Normal
-0.0036025390905684044,59.53125045376087,21.72556281885852,Normal
-1.1583646891925428,55.130854200972934,25.199768523602682,Faulty
1.5033983017671506,57.25095786847997,29.38645533202138,Normal
0.8773622905756714,55.16178287114958,30.466861871383255,Normal
-0.22096417382966393,43.585184047770476,24.34898137663038,Normal
0.02688583899453078,54.31922544673941,42.058383377892106,Faulty
0.20838280794755248,58.00409525227683,37.58197027626787,Normal
-2.0417348684242906,57.542913298135744,33.01059160196242,Normal
-0.24717738252059693,61.88913371474643,30.360184306418724,Normal
-0.6819842479977986,57.083038472010635,28.93895515049424,Normal
-1.0016200098949155,53.51448207541583,25.24040769988882,Normal
-0.2811002928859549,60.701502383164275,30.387402592594313,Normal
1.7976865268495226,49.7347874075094,31.288762700713754,Normal
0.6408428612670098,41.18125348772282,23.79119712259188,Normal
-0.5711789897827968,48.36933036056236,31.670882086224488,Normal
0.5725827813561586,42.55097355193551,29.223704755876255,Normal
